taken_at,Date,event_id,starts,League,HomeTeam,AwayTeam,PSH,PSD,PSA,P>2.5,P<2.5
2026-09-23 17:44:55.607856+00:00,23/09/2026,1636769008,2026-09-23 17:45:00+00:00,Israel - Liga Alef,Hapoel Ironi Baqa al-Gharbiyye,Hapoel Tirat HaCarmel,1.8929,3.37,3.47,1.6711,2.09
2026-09-23 17:44:55.607856+00:00,23/09/2026,1636812372,2026-09-23 18:00:00+00:00,Argentina - Liga Pro Reserves,Aldosivi,Quilmes,2.61,3.29,2.56,2.13,1.7042
2026-09-23 17:44:55.607856+00:00,23/09/2026,1636812373,2026-09-23 18:00:00+00:00,Argentina - Liga Pro Reserves,Defensa y Justicia,CA Tigre,1.7634,3.49,4.46,2.0,1.8264
2026-09-23 17:44:55.607856+00:00,23/09/2026,1636812374,2026-09-23 20:00:00+00:00,Argentina - Liga Pro Reserves,Lanus,Banfield,1.6993,3.9,4.04,1.5435,2.35
2026-09-23 17:44:55.607856+00:00,23/09/2026,1636812375,2026-09-23 18:00:00+00:00,International - Premier League Cup U21,West Ham United,Valencia,2.76,3.63,2.23,1.5618,2.36
2026-09-23 17:44:55.607856+00:00,23/09/2026,1636812376,2026-09-23 18:00:00+00:00,England - League Cup Women,Everton,Birmingham City,1.885,3.73,3.39,1.9524,1.8333
2026-09-23 17:44:55.607856+00:00,23/09/2026,1636812377,2026-09-23 18:00:00+00:00,England - League Cup Women,Liverpool,Sunderland,1.11,7.85,17.68,,
2026-09-23 17:44:55.607856+00:00,23/09/2026,1636812378,2026-09-23 18:00:00+00:00,England - League Cup Women,Tottenham Hotspur,West Ham United,1.2532,5.47,9.18,1.4831,2.5
2026-09-23 17:44:55.607856+00:00,23/09/2026,1636812482,2026-09-23 18:00:00+00:00,Brazil - Gaucho 2,Gramadense,Pelotas,2.25,2.67,3.42,2.83,1.361
2026-09-23 17:44:55.607856+00:00,23/09/2026,1636812484,2026-09-23 18:00:00+00:00,Argentina - Liga Pro Reserves,Gimnasia La Plata,Estudiantes de La Plata,2.6,2.95,2.82,2.39,1.5464
2026-09-23 17:44:55.607856+00:00,23/09/2026,1636812486,2026-09-23 18:00:00+00:00,England - League Cup Women,Manchester United,Sheffield United,1.054,11.43,17.42,,
2026-09-23 17:44:55.607856+00:00,23/09/2026,1636812487,2026-09-23 18:00:00+00:00,UEFA - Europa Cup Women,Hearts,Real Sociedad,5.09,5.91,1.3378,1.361,2.83
2026-09-23 17:44:55.607856+00:00,23/09/2026,1636812488,2026-09-23 18:30:00+00:00,England - Isthmian Division 1 South East,Sevenoaks Town,Eastbourne Town,1.8772,3.72,3.21,1.5236,2.32
2026-09-23 17:44:55.607856+00:00,23/09/2026,1636812578,2026-09-23 17:45:00+00:00,Brazil - Rio Cup,Madureira,Sampaio Correa RJ,2.57,2.64,2.91,2.35,1.5102
2026-09-23 17:44:55.607856+00:00,23/09/2026,1636812580,2026-09-23 18:00:00+00:00,Arabian Gulf Cup,Saudi Arabia,Kuwait,1.3257,5.35,8.57,1.7092,2.17
2026-09-23 17:44:55.607856+00:00,23/09/2026,1636812581,2026-09-23 18:00:00+00:00,Argentina - Liga Pro Reserves,Sarmiento de Junin,Atletico de Rafaela,2.15,3.23,3.28,2.19,1.6667
2026-09-23 17:44:55.607856+00:00,23/09/2026,1636812582,2026-09-23 18:00:00+00:00,England - League Cup Women,Nottingham Forest,Aston Villa,4.15,3.76,1.7092,1.5525,2.33
2026-09-23 17:44:55.607856+00:00,23/09/2026,1636812587,2026-09-23 18:00:00+00:00,Spain - Federation Cup,Atletico Saguntino,Navalcarnero,2.52,3.4,2.37,1.8403,1.9009
2026-09-23 17:44:55.607856+00:00,23/09/2026,1636816482,2026-09-23 18:30:00+00:00,England - League Cup Women,Leicester City,London City Lionesses,11.34,7.92,1.133,,
2026-09-23 17:44:55.607856+00:00,23/09/2026,1636816486,2026-09-23 18:45:00+00:00,Scotland - Lowland League,Cumnock Juniors,Troon,1.7937,3.81,3.42,1.3817,2.75
2026-09-23 17:44:55.607856+00:00,23/09/2026,1636816529,2026-09-23 18:00:00+00:00,Brazil - Gaucho 2,Brasil de Pelotas,Gloria,1.5525,3.36,5.88,2.46,1.4673
2026-09-23 17:44:55.607856+00:00,23/09/2026,1636816607,2026-09-23 18:45:00+00:00,England - National League Cup Women,AFC Wimbledon,Dulwich Hamlet,1.2469,5.34,7.75,1.3745,2.75
2026-09-23 17:44:55.607856+00:00,23/09/2026,1636816608,2026-09-23 18:45:00+00:00,England - League Cup Women,Brighton,Charlton Athletic,1.2398,5.72,8.63,1.4098,2.71
2026-09-23 17:44:55.607856+00:00,23/09/2026,1636816610,2026-09-23 19:00:00+00:00,Spain - Primera Federacion,Sant Andreu,Real Madrid Castilla,3.02,3.41,2.17,2.06,1.7353
2026-09-23 17:44:55.607856+00:00,23/09/2026,1636816706,2026-09-23 20:00:00+00:00,Peru - Liga 1,Asociacion Deportiva Tarma,Cienciano,3.35,3.7,1.9615,1.6289,2.24
2026-09-23 17:44:55.607856+00:00,24/09/2026,1636816712,2026-09-23 21:00:00+00:00,Chile - Cup,Curico Unido,Deportes Concepcion,3.86,3.25,1.9009,2.1,1.6944
2026-09-23 17:44:55.607856+00:00,23/09/2026,1636816742,2026-09-23 18:30:00+00:00,Uruguay - Cup,Boston River,Fenix,1.8696,3.29,3.83,2.16,1.6494
2026-09-23 17:44:55.607856+00:00,23/09/2026,1636816743,2026-09-23 18:30:00+00:00,Uruguay - Cup,Liverpool Montevideo,Colon,1.3831,4.06,6.68,1.9709,1.7634
2026-09-23 17:44:55.607856+00:00,23/09/2026,1636836504,2026-09-23 18:00:00+00:00,Netherlands - Cup,JOS Watergraafsmeer,TEC,4.99,4.62,1.4367,,
2026-09-23 17:44:55.607856+00:00,23/09/2026,1636836523,2026-09-23 18:00:00+00:00,Netherlands - Cup,Sparta Nijkerk,UDI 19,2.08,3.91,2.67,,
2026-09-23 17:44:55.607856+00:00,23/09/2026,1636836528,2026-09-23 18:00:00+00:00,Netherlands - Cup,VV Zwaluwen,Purmersteijn,2.35,3.81,2.36,1.4237,2.6
2026-09-23 17:44:55.607856+00:00,23/09/2026,1636836595,2026-09-23 18:00:00+00:00,Netherlands - Cup,IJsselmeervogels,Gemert,1.2762,5.18,7.41,1.4292,2.58
2026-09-23 17:44:55.607856+00:00,23/09/2026,1636896134,2026-09-23 19:00:00+00:00,Paraguay - Cup,Sportivo San Lorenzo,4 de Mayo,1.098,8.12,14.04,,
2026-09-23 17:44:55.607856+00:00,23/09/2026,1636896166,2026-09-23 18:00:00+00:00,England - League Cup Women,Crystal Palace,Watford,1.1,8.42,17.7,,
2026-09-23 17:44:55.607856+00:00,23/09/2026,1636920042,2026-09-23 18:45:00+00:00,England - Isthmian Division 1 South Central,Kingstonian,Bedfont,1.885,3.84,3.12,1.5155,2.34
2026-09-23 17:44:55.607856+00:00,23/09/2026,1636928774,2026-09-23 18:45:00+00:00,England - Northern League Division 1,Lower Breck,Atherton Collieries,2.17,3.59,2.69,1.5495,2.27
2026-09-23 17:44:55.607856+00:00,23/09/2026,1636928775,2026-09-23 18:45:00+00:00,England - Northern League Division 1,Shifnal Town,Nantwich Town,2.52,3.73,2.24,1.5376,2.3
2026-09-23 17:44:55.607856+00:00,23/09/2026,1636937790,2026-09-23 18:00:00+00:00,Netherlands - Cup,TOGB,Rohda Raalte,2.9,4.62,1.813,,
2026-09-23 17:44:55.607856+00:00,23/09/2026,1636937792,2026-09-23 18:45:00+00:00,England - Northern League Division 1,Guisborough Town,Ashington,1.7634,3.78,3.57,1.6757,2.08
2026-09-23 17:44:55.607856+00:00,23/09/2026,1636937794,2026-09-23 18:45:00+00:00,England - Southern League Division 1,London Lions,Biggleswade,4.0,4.29,1.5882,1.3922,2.71
2026-09-23 17:44:55.607856+00:00,23/09/2026,1637045534,2026-09-23 19:00:00+00:00,Mexico - Copa Promesas MX,Artesanos Metepec,Deportivo Toluca,2.56,3.12,2.49,1.8,1.9434
2026-09-23 17:44:55.607856+00:00,24/09/2026,1637045536,2026-09-23 21:00:00+00:00,Mexico - Copa Promesas MX,Xalisco,Atletico Nayarit,2.29,3.01,2.81,1.9804,1.7463
2026-09-23 17:44:55.607856+00:00,23/09/2026,1637050748,2026-09-23 18:00:00+00:00,Mexico - Copa Promesas MX,Tlapa,Dragones de Oaxaca,2.22,3.3,2.79,1.625,2.16
2026-09-23 17:44:55.607856+00:00,24/09/2026,1637137678,2026-09-23 21:00:00+00:00,Mexico - Copa Promesas MX,Estudiantes de Queretaro,Titanes de Queretaro,2.18,3.23,2.81,1.6579,2.07
2026-09-23 17:44:55.607856+00:00,23/09/2026,1637137701,2026-09-23 18:00:00+00:00,Argentina - Primera Division Women,Lanus,River Plate,4.97,3.4,1.7143,2.13,1.7042
2026-09-23 17:44:55.607856+00:00,23/09/2026,1637165547,2026-09-23 19:00:00+00:00,CONCACAF - Nations League C,Turks and Caicos Islands,Montserrat,13.31,7.22,1.141,1.4032,2.73
2026-09-23 17:44:55.607856+00:00,23/09/2026,1637183926,2026-09-23 20:00:00+00:00,CONCACAF - Nations League C,Bahamas,Saint Martin,14.44,8.57,1.096,,
2026-09-23 17:44:55.607856+00:00,23/09/2026,1637185199,2026-09-23 18:00:00+00:00,South American Games U19,Paraguay,Chile,2.2,3.29,3.0,1.8264,1.9615
2026-09-23 17:44:55.607856+00:00,23/09/2026,1637190758,2026-09-23 18:00:00+00:00,Brazil - Paulista U20,Gremio Prudente,Juventus SP,2.67,3.1,2.42,1.8,1.9434
2026-09-23 17:44:55.607856+00:00,23/09/2026,1637206000,2026-09-23 18:00:00+00:00,England - National League Cup,Boreham Wood,Everton U21,1.2469,5.08,12.17,,
2026-09-23 17:44:55.607856+00:00,23/09/2026,1637215615,2026-09-23 18:00:00+00:00,South American Games - Women U20,Chile,Venezuela,1.7353,3.55,3.93,1.7246,2.01
2026-09-23 17:44:55.607856+00:00,23/09/2026,1637215616,2026-09-23 18:00:00+00:00,Switzerland - 2. Liga Interregional,Haute-Ajoie,Ajoie-Monterri,2.17,3.63,2.66,1.5618,2.24
2026-09-23 17:44:55.607856+00:00,23/09/2026,1637215620,2026-09-23 18:00:00+00:00,International - Premier League Cup U21,Middlesbrough,Genk,3.22,3.9,1.9259,1.4098,2.8
2026-09-23 17:44:55.607856+00:00,23/09/2026,1637218371,2026-09-23 18:45:00+00:00,Scotland - Challenge Cup,Hamilton Academical,Cowdenbeath,1.1379,7.16,9.95,,
2026-09-23 21:28:06.764328+00:00,24/09/2026,1636812381,2026-09-23 23:00:00+00:00,Uruguay - Cup,CA Cerro,Deportivo Maldonado,3.6,3.16,2.07,2.31,1.6024
2026-09-23 21:28:06.764328+00:00,24/09/2026,1636816483,2026-09-23 23:00:00+00:00,Uruguay - Cup,Montevideo Wanderers,Cerrito,2.2,3.07,3.21,2.47,1.495
2026-09-23 21:28:06.764328+00:00,24/09/2026,1636816528,2026-09-23 23:00:00+00:00,Brazil - Gaucho 2,Brasil de Farroupilha,Bage,2.06,2.89,3.26,2.73,1.3546
2026-09-23 21:28:06.764328+00:00,24/09/2026,1636816530,2026-09-23 22:00:00+00:00,Brazil - Gaucho 2,Lajeadense,Veranopolis,3.04,2.87,2.27,2.83,1.3534
2026-09-23 21:28:06.764328+00:00,24/09/2026,1636816656,2026-09-23 22:00:00+00:00,Brazil - Gaucho 2,Esportvo Bento Goncalves,Gaucho,1.9346,3.23,3.49,2.38,1.5
2026-09-23 21:28:06.764328+00:00,24/09/2026,1636816671,2026-09-23 23:30:00+00:00,Chile - Cup,Union La Calera,Universidad Catolica,3.34,3.09,2.13,2.0,1.8
2026-09-23 21:28:06.764328+00:00,24/09/2026,1636816734,2026-09-23 21:30:00+00:00,Paraguay - Cup,Club Fernando de La Mora,Libertad Asuncion,9.86,4.34,1.2857,1.6944,2.05
2026-09-23 21:28:06.764328+00:00,24/09/2026,1636816738,2026-09-23 22:00:00+00:00,Brazil - Gaucho 2,Passo Fundo,EC Guarani,1.641,3.28,5.04,2.24,1.5848
2026-09-23 21:28:06.764328+00:00,24/09/2026,1636816739,2026-09-23 22:30:00+00:00,Brazil - Gaucho 2,Uniao Frederiquense,Aimore,2.02,2.74,3.95,2.91,1.3436
2026-09-23 21:28:06.764328+00:00,24/09/2026,1636816740,2026-09-23 22:00:00+00:00,Argentina - Liga Pro Reserves,Belgrano,Talleres de Cordoba,2.62,3.35,2.51,1.9709,1.8475
2026-09-23 21:28:06.764328+00:00,24/09/2026,1636816761,2026-09-23 23:30:00+00:00,Chile - Cup,Deportes Iquique,Antofagasta,2.63,3.12,2.56,1.9346,1.8547
2026-09-23 21:28:06.764328+00:00,24/09/2026,1637053135,2026-09-23 22:00:00+00:00,Brazil - Copa Santa Catarina,Barra,Nacao,1.3425,4.29,7.44,1.7752,1.9709
2026-09-23 21:28:06.764328+00:00,24/09/2026,1637053137,2026-09-23 23:00:00+00:00,Mexico - Copa Promesas MX,Atletico Morelia Universidad Michoacana,Club Leon,2.77,3.24,2.26,1.6849,2.06
2026-09-23 21:28:06.764328+00:00,24/09/2026,1637145956,2026-09-23 22:00:00+00:00,Brazil - Gaucho 2,Santa Cruz RS,APAFUT,2.17,2.78,3.43,2.65,1.4098
2026-09-23 21:28:06.764328+00:00,24/09/2026,1637171483,2026-09-23 23:00:00+00:00,CONCACAF - Nations League C,Aruba,Antigua and Barbuda,1.8696,3.84,3.29,1.625,2.2
2026-09-23 21:28:06.764328+00:00,24/09/2026,1637193408,2026-09-24 00:00:00+00:00,Colombia - Liga Women,Independiente Santa Fe,Deportivo Cali,2.68,2.27,3.22,2.79,1.3546
2026-09-24 00:28:58.152386+00:00,24/09/2026,1636581399,2026-09-24 00:30:00+00:00,Colombia - Primera A,America de Cali,Aguilas Doradas,1.4545,3.91,6.35,1.8197,1.9091
2026-09-24 00:28:58.152386+00:00,24/09/2026,1636816684,2026-09-24 01:00:00+00:00,El Salvador - Primera Division,Luis Angel Firpo,Cacahuatique,1.3861,4.35,6.48,1.7576,1.9804
2026-09-24 00:28:58.152386+00:00,24/09/2026,1636816685,2026-09-24 01:00:00+00:00,El Salvador - Primera Division,Alianza,Fuerte San Francisco,1.5814,3.77,5.56,1.9009,1.9174
2026-09-24 01:19:30.764386+00:00,24/09/2026,1636216255,2026-09-24 01:30:00+00:00,USA - Major League Soccer,Seattle Sounders,Real Salt Lake,1.7813,4.0,4.45,1.5025,2.67
2026-09-24 01:19:30.764386+00:00,24/09/2026,1636816693,2026-09-24 02:00:00+00:00,Canada - Premier League,Vancouver FC,Inter Toronto,2.41,3.92,2.3,1.4762,2.47
2026-09-24 01:19:30.764386+00:00,24/09/2026,1636868010,2026-09-24 02:00:00+00:00,Guatemala - Liga Nacional,Xelaju MC,Antigua GFC,2.37,2.83,3.3,1.9615,1.8621
2026-09-24 02:06:05.482477+00:00,29/09/2026,1636866525,2026-09-29 18:45:00+00:00,UEFA - Nations League A,Spain,Croatia,1.289,5.54,9.87,1.6757,2.2
2026-09-24 02:06:05.482477+00:00,29/09/2026,1636866906,2026-09-29 18:45:00+00:00,UEFA - Nations League A,Czechia,England,6.63,4.57,1.4545,1.7463,2.09
2026-09-24 02:06:05.482477+00:00,29/09/2026,1636867984,2026-09-29 18:45:00+00:00,UEFA - Nations League B,Slovenia,North Macedonia,1.6803,3.67,5.35,2.2,1.6757
2026-09-24 02:06:05.482477+00:00,29/09/2026,1636867985,2026-09-29 18:45:00+00:00,UEFA - Nations League B,Scotland,Switzerland,3.52,3.41,2.12,2.0,1.8403
2026-09-24 02:06:05.482477+00:00,25/09/2026,1636937865,2026-09-25 18:45:00+00:00,Scotland - Championship,Dunfermline Athletic,Partick Thistle,2.53,3.36,2.69,1.8475,1.9434
2026-09-24 02:06:05.482477+00:00,24/09/2026,1637145957,2026-09-24 04:00:00+00:00,International - Friendlies,Solomon Islands,Vanuatu,2.17,3.59,3.02,1.6667,2.13
2026-09-24 02:06:05.482477+00:00,30/09/2026,1637209891,2026-09-29 22:30:00+00:00,Brazil - Serie B,Botafogo SP,Ponte Preta,1.2268,5.67,12.97,1.6173,2.27
2026-09-24 02:06:05.482477+00:00,30/09/2026,1637262775,2026-09-30 20:00:00+00:00,Peru - Liga 1,Cienciano,Los Chankas,1.3268,5.21,7.56,1.4184,2.74
2026-09-24 07:34:29.214898+00:00,24/09/2026,1636229584,2026-09-24 10:05:00+00:00,International - Friendlies,Japan,Uruguay,1.7246,3.84,4.67,2.06,1.7692
2026-09-24 07:34:29.214898+00:00,24/09/2026,1636231278,2026-09-24 11:00:00+00:00,International - Friendlies,South Korea,Ecuador,2.16,3.45,3.37,2.17,1.6944
2026-09-24 07:34:29.214898+00:00,24/09/2026,1636868567,2026-09-24 11:00:00+00:00,International - Friendlies U19,Netherlands,Belgium,2.12,3.87,2.76,1.4975,2.46
2026-09-24 07:34:29.214898+00:00,24/09/2026,1637053138,2026-09-24 11:00:00+00:00,Denmark - U19 League,Viborg,Brondby,2.47,3.58,2.27,1.4525,2.46
2026-09-24 07:34:29.214898+00:00,24/09/2026,1637158357,2026-09-24 08:30:00+00:00,Club Friendlies,Austria Lustenau,SW Bregenz,1.6803,3.73,4.0,1.5714,2.22
2026-09-24 07:34:29.214898+00:00,24/09/2026,1637181756,2026-09-24 09:00:00+00:00,International - Friendlies U19,Scotland,Finland,2.44,3.33,2.72,1.7752,2.02
2026-09-24 07:34:29.214898+00:00,24/09/2026,1637241138,2026-09-24 09:00:00+00:00,CECAFA - U20 Championship,Uganda,Burundi,1.7463,3.49,4.29,1.9615,1.8264
2026-09-24 11:15:39.612797+00:00,24/09/2026,1636868492,2026-09-24 13:30:00+00:00,CAF - Africa Cup of Nations U20 Qualifiers,Algeria,Tunisia,2.87,2.75,2.55,2.64,1.4184
2026-09-24 11:15:39.612797+00:00,24/09/2026,1636868498,2026-09-24 13:30:00+00:00,Egypt - 2nd Division A,Maleyet Kafr El Zayiat,El Mansoura,2.96,2.55,2.77,3.14,1.3215
2026-09-24 11:15:39.612797+00:00,24/09/2026,1636868554,2026-09-24 13:30:00+00:00,Egypt - 2nd Division A,Kahraba Ismailia,Pharco FC,2.05,2.73,4.22,2.73,1.4115
2026-09-24 11:15:39.612797+00:00,24/09/2026,1636868555,2026-09-24 13:30:00+00:00,Egypt - 2nd Division A,FC Masar,Proxy,1.4831,3.63,7.05,2.31,1.5814
2026-09-24 11:15:39.612797+00:00,24/09/2026,1636868556,2026-09-24 13:30:00+00:00,Egypt - 2nd Division A,Team FC Cairo,El Daklyeh,2.47,2.71,3.14,2.8,1.3937
2026-09-24 11:15:39.612797+00:00,24/09/2026,1636868557,2026-09-24 13:30:00+00:00,Egypt - 2nd Division A,Al Nasr Cairo,El Sekka El Hadid,2.39,2.84,2.59,2.49,1.3984
2026-09-24 11:15:39.612797+00:00,24/09/2026,1636872017,2026-09-24 13:30:00+00:00,Slovakia - 3. Liga,Podkonice,MFK Ruzomberok II,2.66,3.05,2.24,1.6173,2.01
2026-09-24 11:15:39.612797+00:00,24/09/2026,1636920024,2026-09-24 12:00:00+00:00,FIFA - ASEAN Cup Division 2,Myanmar,Timor-Leste,1.1721,7.06,10.13,,
2026-09-24 11:15:39.612797+00:00,24/09/2026,1637050759,2026-09-24 13:30:00+00:00,UAE - U21 League,Al Jazira,Al Orooba,1.3106,5.15,6.71,,
2026-09-24 11:15:39.612797+00:00,24/09/2026,1637158355,2026-09-24 13:00:00+00:00,Club Friendlies,Hartberg,Kapfenberger SV,1.4255,4.46,5.34,1.4115,2.64
2026-09-24 11:15:39.612797+00:00,24/09/2026,1637158397,2026-09-24 11:45:00+00:00,Israel - Liga Alef,Maccabi Kiryat Ata-Bialik,Hapoel Ihud Bnei Jatt,1.2342,4.58,11.65,1.4695,2.43
2026-09-24 11:15:39.612797+00:00,24/09/2026,1637159068,2026-09-24 13:30:00+00:00,Israel - Premier League Women,Hapoel Jerusalem,Kiryat Gat,2.16,3.47,2.83,1.5495,2.29
2026-09-24 11:15:39.612797+00:00,24/09/2026,1637159069,2026-09-24 13:30:00+00:00,Israel - Premier League Women,Hapoel Tel Aviv,Hapoel Raanana,2.45,3.87,2.28,1.5587,2.27
2026-09-24 11:15:39.612797+00:00,24/09/2026,1637164984,2026-09-24 13:30:00+00:00,Israel - Premier League Women,Maccabi Kishronot Hadera,Maccabi Holon,1.5319,4.12,4.76,1.4484,2.55
2026-09-24 11:15:39.612797+00:00,24/09/2026,1637178781,2026-09-24 13:00:00+00:00,CAF - Africa Cup of Nations Qualifiers,Namibia,Congo Republic,2.47,2.91,3.17,2.63,1.4673
2026-09-24 11:15:39.612797+00:00,24/09/2026,1637262854,2026-09-24 13:30:00+00:00,Israel - Liga Alef,Maccabi Nujeidat Ahmed,Hapoel Ironi Arraba,1.8696,3.54,3.25,1.7246,1.9804
2026-09-24 13:31:50.964870+00:00,24/09/2026,1636268305,2026-09-24 18:00:00+00:00,UEFA - U21 Euro Championship Qualifiers,Belgium,Belarus,1.1908,6.57,14.48,1.5882,2.34
2026-09-24 13:31:50.964870+00:00,24/09/2026,1636268485,2026-09-24 14:00:00+00:00,International - Friendlies,Uzbekistan,Iran,3.15,2.8,2.67,2.49,1.5376
2026-09-24 13:31:50.964870+00:00,24/09/2026,1636812506,2026-09-24 17:15:00+00:00,Israel - Liga Alef,Hapoel Hadera,Maccabi Ironi Ashdod,1.7634,3.33,3.86,1.8,1.9091
2026-09-24 13:31:50.964870+00:00,24/09/2026,1636812507,2026-09-24 16:00:00+00:00,Israel - Liga Alef,MS Jerusalem,Maccabi Yavne,2.28,3.23,2.66,1.7353,1.9615
2026-09-24 13:31:50.964870+00:00,24/09/2026,1636868408,2026-09-24 16:00:00+00:00,UEFA - Nations League D,Andorra,Malta,3.82,2.62,2.46,3.42,1.3067
2026-09-24 13:31:50.964870+00:00,24/09/2026,1636868500,2026-09-24 14:00:00+00:00,Estonia - Cup,Elva,Tallinna Kalev,2.55,3.52,2.27,1.4854,2.37
2026-09-24 13:31:50.964870+00:00,24/09/2026,1636868582,2026-09-24 16:00:00+00:00,Israel - Ligat Leumit,Hapoel Acre,Hapoel Afula,4.17,4.0,1.6579,1.7143,2.08
2026-09-24 13:31:50.964870+00:00,24/09/2026,1636868583,2026-09-24 16:00:00+00:00,Israel - Ligat Leumit,Hapoel Rishon Lezion,Maccabi Ahi Nazareth,1.625,3.83,4.65,1.5814,2.27
2026-09-24 13:31:50.964870+00:00,24/09/2026,1636868584,2026-09-24 16:00:00+00:00,Israel - Ligat Leumit,Maccabi Herzliya,Kiryat Yam,2.69,3.21,2.45,1.7299,2.05
2026-09-24 13:31:50.964870+00:00,24/09/2026,1636868585,2026-09-24 16:00:00+00:00,Israel - Ligat Leumit,Ironi Modiin,FC Ashdod,6.08,4.37,1.3745,1.6024,2.18
2026-09-24 13:31:50.964870+00:00,24/09/2026,1636872055,2026-09-24 16:30:00+00:00,Israel - Liga Alef,Holon Yermiyahu,Kfar Saba 1928,3.15,3.48,1.9174,2.0,1.7092
2026-09-24 13:31:50.964870+00:00,24/09/2026,1636872080,2026-09-24 18:00:00+00:00,Argentina - Liga Pro Reserves,Newells Old Boys,Rosario Central,2.29,3.22,2.9,2.14,1.6711
2026-09-24 13:31:50.964870+00:00,24/09/2026,1636872084,2026-09-24 18:15:00+00:00,Switzerland - 2. Liga Interregional,Saint-Blaise,Bosna Neuchatel,4.7,4.06,1.4975,1.4831,2.38
2026-09-24 13:31:50.964870+00:00,24/09/2026,1636875725,2026-09-24 15:55:00+00:00,Arabian Gulf Cup,United Arab Emirates,Yemen,1.2849,5.54,10.16,1.7143,2.16
2026-09-24 13:31:50.964870+00:00,24/09/2026,1636886982,2026-09-24 18:00:00+00:00,Arabian Gulf Cup,Qatar,Bahrain,2.06,3.19,3.95,2.42,1.5714
2026-09-24 13:31:50.964870+00:00,24/09/2026,1636886983,2026-09-24 18:00:00+00:00,Argentina - Liga Pro Reserves,Independiente Rivadavia,Gimnasia Mendoza,2.47,3.03,2.81,2.12,1.6849
2026-09-24 13:31:50.964870+00:00,24/09/2026,1636886984,2026-09-24 18:00:00+00:00,Argentina - Liga Pro Reserves,Instituto,Estudiantes Rio Cuarto,1.7937,3.2,4.52,2.4,1.5208
2026-09-24 13:31:50.964870+00:00,24/09/2026,1636886988,2026-09-24 18:15:00+00:00,Switzerland - 2. Liga Interregional,FC Bole,Champagne Sport,2.84,3.9,1.9346,1.5435,2.24
2026-09-24 13:31:50.964870+00:00,24/09/2026,1636919994,2026-09-24 16:00:00+00:00,CAF - Africa Cup of Nations Qualifiers,Mauritania,Central African Republic,1.7143,3.24,5.36,2.44,1.5155
2026-09-24 13:31:50.964870+00:00,24/09/2026,1636950905,2026-09-24 18:00:00+00:00,Brazil - Paulista U20,Portuguesa SP,Ponte Preta,1.5556,3.76,4.6,1.6711,2.05
2026-09-24 13:31:50.964870+00:00,24/09/2026,1636963345,2026-09-24 14:30:00+00:00,Oman - Cup,Oman Club,Sur,2.85,3.28,2.04,2.24,1.5128
2026-09-24 13:31:50.964870+00:00,24/09/2026,1636986811,2026-09-24 14:40:00+00:00,Oman - Cup,Sohar Club,Al-Seeb,2.22,3.1,2.96,2.27,1.5682
2026-09-24 13:31:50.964870+00:00,24/09/2026,1637012464,2026-09-24 18:00:00+00:00,Argentina - Liga Pro Reserves,Argentinos Juniors,Platense,1.8772,3.11,4.21,2.43,1.5102
2026-09-24 13:31:50.964870+00:00,24/09/2026,1637040325,2026-09-24 18:00:00+00:00,Argentina - Liga Pro Reserves,Deportivo Riestra,Barracas Central,1.9709,3.02,3.84,2.45,1.4926
2026-09-24 13:31:50.964870+00:00,24/09/2026,1637045541,2026-09-24 17:30:00+00:00,Finland - Kolmonen,MPS,SexyPoxyt,2.45,3.4,2.23,,
2026-09-24 13:31:50.964870+00:00,24/09/2026,1637050761,2026-09-24 18:15:00+00:00,Norway - U19 League,Haslum IL,Asker,1.5263,5.41,3.49,,
2026-09-24 13:31:50.964870+00:00,24/09/2026,1637050762,2026-09-24 18:15:00+00:00,Norway - U19 League,Ready Fotball,Skedsmo,1.813,4.19,2.98,,
2026-09-24 13:31:50.964870+00:00,24/09/2026,1637050763,2026-09-24 16:00:00+00:00,Finland - Kolmonen,Kontu,LPS,3.28,5.32,1.5814,,
2026-09-24 13:31:50.964870+00:00,24/09/2026,1637050764,2026-09-24 18:15:00+00:00,Norway - U19 League,KFUM Oslo,Nordstrand,1.202,6.46,6.89,,
2026-09-24 13:31:50.964870+00:00,24/09/2026,1637050766,2026-09-24 17:00:00+00:00,Finland - Kolmonen,Fish United,Loiske,2.5,3.68,2.21,,
2026-09-24 13:31:50.964870+00:00,24/09/2026,1637050767,2026-09-24 15:15:00+00:00,Finland - Kolmonen,JyTy,ACF,1.5128,4.25,4.61,,
2026-09-24 13:31:50.964870+00:00,24/09/2026,1637050768,2026-09-24 18:00:00+00:00,Norway - U19 League,Grorud,Valerenga,1.4484,5.55,3.91,,
2026-09-24 13:31:50.964870+00:00,24/09/2026,1637050770,2026-09-24 18:15:00+00:00,Norway - U19 League,Follo,Lillehammer,1.4484,4.57,3.96,,
2026-09-24 13:31:50.964870+00:00,24/09/2026,1637053145,2026-09-24 14:00:00+00:00,International - Friendlies U19,Romania,Hungary,2.14,3.48,3.09,1.6579,2.21
2026-09-24 13:31:50.964870+00:00,24/09/2026,1637053147,2026-09-24 18:15:00+00:00,Norway - U19 League,Baerum,Ullern,1.8333,4.67,2.73,,
2026-09-24 13:31:50.964870+00:00,24/09/2026,1637053149,2026-09-24 16:00:00+00:00,Jordan - 1st Division,Al-Ahli Amman,Ma'an,1.6024,3.57,4.5,1.9524,1.7692
2026-09-24 13:31:50.964870+00:00,24/09/2026,1637053150,2026-09-24 18:15:00+00:00,Norway - U19 League,Sprint-Jeloy,Sarpsborg 08,1.4255,5.59,4.06,,
2026-09-24 13:31:50.964870+00:00,24/09/2026,1637053151,2026-09-24 16:00:00+00:00,Jordan - 1st Division,Sahl Houran,Hayy Al-Amir Hassan,2.16,2.92,3.12,2.24,1.5618
2026-09-24 13:31:50.964870+00:00,24/09/2026,1637098334,2026-09-24 18:15:00+00:00,Sweden - Division 2,Kongahalla,Lindome GIF,2.31,3.47,2.33,1.4065,2.5
2026-09-24 13:31:50.964870+00:00,24/09/2026,1637158394,2026-09-24 16:30:00+00:00,Israel - Liga Alef,Hapoel Migdal Haemeq,Hapoel Nof Hagalil,2.4,3.25,2.49,1.9009,1.813
2026-09-24 13:31:50.964870+00:00,24/09/2026,1637164986,2026-09-24 14:00:00+00:00,International - Friendlies U19,Serbia,Bulgaria,1.6993,3.84,4.35,1.7143,2.11
2026-09-24 13:31:50.964870+00:00,24/09/2026,1637165489,2026-09-24 17:00:00+00:00,Club Friendlies,Rot Weiss Oberhausen,Schalke 04,6.88,5.81,1.237,,
2026-09-24 13:31:50.964870+00:00,24/09/2026,1637165545,2026-09-24 16:00:00+00:00,CAF - Africa Cup of Nations Qualifiers,Libya,Botswana,1.578,3.48,6.4,2.5,1.4926
2026-09-24 13:31:50.964870+00:00,24/09/2026,1637165546,2026-09-24 16:00:00+00:00,CAF - Africa Cup of Nations Qualifiers,DR Congo,Equatorial Guinea,1.2577,4.9,13.39,2.07,1.7299
2026-09-24 13:31:50.964870+00:00,24/09/2026,1637262844,2026-09-24 15:00:00+00:00,Morocco - Botola Pro,FAR Rabat,Raja Casablanca,2.52,2.31,4.03,2.49,1.5076
2026-09-24 18:24:48.470405+00:00,24/09/2026,1636333023,2026-09-24 18:45:00+00:00,UEFA - Nations League A,Netherlands,Germany,2.69,3.75,2.53,1.4695,2.76
2026-09-24 18:24:48.470405+00:00,24/09/2026,1636333026,2026-09-24 18:45:00+00:00,UEFA - Nations League B,Kosovo,Ireland,2.47,3.08,3.29,2.58,1.5376
2026-09-24 18:24:48.470405+00:00,24/09/2026,1636341503,2026-09-24 18:45:00+00:00,UEFA - Nations League A,Portugal,Wales,1.161,8.5,19.0,1.3623,3.18
2026-09-24 18:24:48.470405+00:00,24/09/2026,1636341504,2026-09-24 18:45:00+00:00,UEFA - Nations League A,Serbia,Greece,3.2,3.42,2.33,2.07,1.8
2026-09-24 18:24:48.470405+00:00,24/09/2026,1636341505,2026-09-24 18:45:00+00:00,UEFA - Nations League B,Austria,Israel,1.4808,4.69,6.7,1.6452,2.32
2026-09-24 18:24:48.470405+00:00,24/09/2026,1636346496,2026-09-24 18:45:00+00:00,UEFA - Nations League A,Norway,Denmark,1.6289,4.29,5.26,1.5348,2.58
2026-09-24 18:24:48.470405+00:00,24/09/2026,1636867971,2026-09-24 18:45:00+00:00,UEFA - Nations League D,Liechtenstein,Lithuania,13.79,4.77,1.2924,2.56,1.5128
2026-09-24 18:24:48.470405+00:00,24/09/2026,1636872086,2026-09-24 18:30:00+00:00,Uruguay - Cup,Montevideo City Torque,Atenas,2.11,2.99,3.54,2.09,1.7042
2026-09-24 18:24:48.470405+00:00,24/09/2026,1636872088,2026-09-24 18:45:00+00:00,England - National League Cup Women,Boldmere St. Michaels,Sutton Coldfield Town,1.112,7.9,12.16,,
2026-09-24 18:24:48.470405+00:00,24/09/2026,1636872089,2026-09-24 19:00:00+00:00,CAF - Africa Cup of Nations Qualifiers,Sierra Leone,Zimbabwe,2.73,2.74,3.01,2.73,1.4386
2026-09-24 18:24:48.470405+00:00,24/09/2026,1636875712,2026-09-24 20:00:00+00:00,Morocco - Botola Pro,Amal Tiznit,Ittihad Tanger,2.73,2.8,2.82,3.15,1.3344
2026-09-24 18:24:48.470405+00:00,24/09/2026,1636875747,2026-09-24 18:45:00+00:00,France - Ligue 3,Caen,Rouen,2.87,3.24,2.55,1.8475,1.9901
2026-09-24 18:24:48.470405+00:00,24/09/2026,1636875749,2026-09-24 19:00:00+00:00,CAF - Africa Cup of Nations Qualifiers,Tunisia,Uganda,1.3906,4.36,8.76,2.02,1.8197
2026-09-24 18:24:48.470405+00:00,24/09/2026,1636875750,2026-09-24 19:00:00+00:00,Paraguay - Cup,Atletico Tembetary,Club Sportivo Iteno,1.2632,4.93,8.63,1.641,2.13
2026-09-24 18:24:48.470405+00:00,24/09/2026,1636886992,2026-09-24 19:00:00+00:00,CAF - Africa Cup of Nations Qualifiers,Cameroon,Comoros,1.3425,4.48,10.59,2.22,1.6623
2026-09-24 18:24:48.470405+00:00,25/09/2026,1636887014,2026-09-24 21:00:00+00:00,Chile - Cup,O'Higgins,Deportes Santa Cruz,1.6098,3.84,4.75,1.7246,2.06
2026-09-24 18:24:48.470405+00:00,25/09/2026,1636887055,2026-09-24 22:00:00+00:00,Argentina - Liga Pro Reserves,Racing Club,CA Independiente,2.53,3.37,2.51,1.6711,2.14
2026-09-24 18:24:48.470405+00:00,25/09/2026,1636896133,2026-09-24 21:30:00+00:00,Paraguay - Cup,Deportivo Recoleta,Guairena,1.3984,4.32,5.54,1.5464,2.23
2026-09-24 18:24:48.470405+00:00,24/09/2026,1637012439,2026-09-24 20:30:00+00:00,Ecuador - Serie B,Independiente Juniors,Vinotinto,2.63,2.73,2.89,2.62,1.4444
2026-09-24 18:24:48.470405+00:00,25/09/2026,1637020549,2026-09-24 21:30:00+00:00,Ecuador - Serie B,LDU Portoviejo,22 de Julio,1.099,7.94,21.59,1.4673,2.52
2026-09-24 18:24:48.470405+00:00,25/09/2026,1637045540,2026-09-24 21:00:00+00:00,El Salvador - Reserve League U20,Alianza FC,Fuerte San Francisco,1.1379,6.62,10.41,,
2026-09-24 18:24:48.470405+00:00,24/09/2026,1637053153,2026-09-24 18:30:00+00:00,Norway - U19 League,Lorenskog,Kjelsas,8.3,7.07,1.1721,,
2026-09-24 18:24:48.470405+00:00,24/09/2026,1637064542,2026-09-24 19:00:00+00:00,Ecuador - Serie B,Atletico FC,Cuenca Juniors,1.7246,3.32,5.07,2.48,1.5102
2026-09-24 18:24:48.470405+00:00,24/09/2026,1637155246,2026-09-24 18:30:00+00:00,Uruguay - Cup,Danubio,Penarol,2.46,2.88,2.8,2.3,1.5348
2026-09-24 18:24:48.470405+00:00,24/09/2026,1637157222,2026-09-24 19:00:00+00:00,Iceland - U19 League,Breidablik/Augn/Smari,HK/Ymir ll,1.1859,7.77,6.92,,
2026-09-24 18:24:48.470405+00:00,24/09/2026,1637158354,2026-09-24 19:00:00+00:00,CAF - Africa Cup of Nations Qualifiers,Ivory Coast,Ghana,1.5495,3.69,6.79,2.34,1.6024
2026-09-24 18:24:48.470405+00:00,24/09/2026,1637171537,2026-09-24 19:00:00+00:00,Costa Rica - Ascenso,Cariari Pococi,Pitbulls,2.37,3.9,2.31,1.641,2.14
2026-09-24 18:24:48.470405+00:00,24/09/2026,1637190771,2026-09-24 19:00:00+00:00,CONCACAF - Nations League B,Puerto Rico,Guyana,3.05,3.45,2.17,1.8065,2.02
2026-09-24 23:11:57.491518+00:00,25/09/2026,1636642355,2026-09-25 00:30:00+00:00,Colombia - Primera A,Atletico Nacional,Millonarios,1.7937,3.78,4.38,1.7246,2.14
2026-09-24 23:11:57.491518+00:00,25/09/2026,1636896176,2026-09-25 01:00:00+00:00,Mexico - Liga de Expansión MX,Mineros de Zacatecas,Piratas,2.97,3.26,2.47,2.05,1.7874
2026-09-24 23:11:57.491518+00:00,25/09/2026,1636906762,2026-09-24 23:30:00+00:00,Chile - Cup,Everton Vina del Mar,Universidad de Chile,2.96,3.48,2.2,1.7874,2.01
2026-09-24 23:11:57.491518+00:00,25/09/2026,1636906767,2026-09-25 00:00:00+00:00,CONCACAF - Nations League A,Dominican Republic,Nicaragua,1.6135,4.09,5.23,2.05,1.8
2026-09-24 23:11:57.491518+00:00,25/09/2026,1636906776,2026-09-25 01:00:00+00:00,Mexico - Liga de Expansión MX,Alebrijes de Oaxaca,Atletico La Paz,3.38,3.63,2.09,1.6494,2.26
2026-09-24 23:11:57.491518+00:00,25/09/2026,1636906785,2026-09-25 02:00:00+00:00,Guatemala - Liga Nacional,Municipal,Suchitepequez,1.4367,3.64,4.89,1.4717,2.24
2026-09-24 23:11:57.491518+00:00,25/09/2026,1636920029,2026-09-25 00:20:00+00:00,CONCACAF - Nations League A,Haiti,Trinidad and Tobago,1.5376,4.15,6.07,1.885,1.9524
2026-09-24 23:11:57.491518+00:00,25/09/2026,1636920030,2026-09-25 02:00:00+00:00,CONCACAF - Nations League A,Costa Rica,Curacao,1.6211,3.87,5.53,2.03,1.8197
2026-09-24 23:11:57.491518+00:00,25/09/2026,1637165496,2026-09-25 00:10:00+00:00,CONCACAF - Nations League B,Cayman Islands,Dominica,4.22,4.29,1.5556,1.885,1.8547
2026-09-24 23:11:57.491518+00:00,25/09/2026,1637269459,2026-09-25 00:00:00+00:00,Ecuador - Cup,Gualaceo,Independiente del Valle,12.12,4.35,1.2381,1.7463,1.9434
2026-09-25 04:52:48.470170+00:00,25/09/2026,1636322281,2026-09-25 10:00:00+00:00,International - Friendlies,Australia,Brazil,10.36,5.77,1.2611,1.4405,2.73
2026-09-25 04:52:48.470170+00:00,25/09/2026,1636887017,2026-09-25 09:00:00+00:00,Czech Republic - U19 League,Sparta Prague,Mlada Boleslav,1.9091,3.93,2.88,,
2026-09-25 04:52:48.470170+00:00,25/09/2026,1636920023,2026-09-25 10:00:00+00:00,Vietnam - V League 2,Ho Chi Minh City FC,Van Hien University,1.9009,2.93,3.88,2.25,1.5556
2026-09-25 04:52:48.470170+00:00,25/09/2026,1636920059,2026-09-25 11:00:00+00:00,Poland - 3rd Liga,Wisla Krakow,Czarni Polaniec,1.9174,3.58,3.08,1.4,2.62
2026-09-25 04:52:48.470170+00:00,25/09/2026,1636920060,2026-09-25 11:00:00+00:00,China - League One,Wuxi Wugou,Guangxi Hengchen,2.91,3.47,2.24,1.7353,2.06
2026-09-25 04:52:48.470170+00:00,25/09/2026,1636928760,2026-09-25 09:00:00+00:00,FIFA - ASEAN Cup Division 1,Bangladesh,Malaysia,5.92,5.77,1.3584,1.4831,2.53
2026-09-25 04:52:48.470170+00:00,25/09/2026,1636928795,2026-09-25 11:00:00+00:00,Hungary - NB 1 Women,Pecsi MFC,Ujpesti FC,7.16,4.87,1.2801,1.4975,2.34
2026-09-25 04:52:48.470170+00:00,25/09/2026,1636937801,2026-09-25 10:00:00+00:00,Portugal - U23 Championship,Rio Ave,Penafiel,1.7692,3.81,3.78,1.6494,2.18
2026-09-25 04:52:48.470170+00:00,25/09/2026,1636950901,2026-09-25 13:30:00+00:00,Egypt - 2nd Division A,Belqas,Ismaily,2.62,2.65,3.01,2.92,1.3663
2026-09-25 04:52:48.470170+00:00,25/09/2026,1637157196,2026-09-25 09:30:00+00:00,International - Friendlies U19,Switzerland,Poland,2.54,3.62,2.37,1.7246,2.06
2026-09-25 04:52:48.470170+00:00,25/09/2026,1637208898,2026-09-25 05:00:00+00:00,Asian Games U23,Uzbekistan,Saudi Arabia,1.5618,3.81,5.68,2.09,1.7299
2026-09-25 04:52:48.470170+00:00,25/09/2026,1637209822,2026-09-25 10:30:00+00:00,Asian Games U23,South Korea,Vietnam,1.137,6.56,11.55,1.4444,2.48
2026-09-25 04:52:48.470170+00:00,25/09/2026,1637221049,2026-09-25 09:30:00+00:00,International - Friendlies U20,Italy,England,2.9,3.48,2.17,1.7299,2.06
2026-09-25 04:52:48.470170+00:00,25/09/2026,1637240767,2026-09-25 10:30:00+00:00,Club Friendlies,FC Zurich,Neuchatel Xamax,1.641,3.89,3.85,1.3802,2.69
2026-09-25 04:52:48.470170+00:00,25/09/2026,1637246723,2026-09-25 10:00:00+00:00,COSAFA - U20 Cup,South Africa,Zambia,1.9524,3.09,3.46,1.9901,1.7143
2026-09-25 11:46:25.583852+00:00,25/09/2026,1636333034,2026-09-25 15:30:00+00:00,UEFA - U21 Euro Championship Qualifiers,Finland,Spain,5.44,4.39,1.5525,1.6667,2.21
2026-09-25 11:46:25.583852+00:00,25/09/2026,1636333035,2026-09-25 15:00:00+00:00,UEFA - U21 Euro Championship Qualifiers,Iceland,France,8.67,4.99,1.3484,1.7519,2.08
2026-09-25 11:46:25.583852+00:00,25/09/2026,1636341510,2026-09-25 16:00:00+00:00,UEFA - U21 Euro Championship Qualifiers,Cyprus,Romania,7.55,4.32,1.4425,2.07,1.7576
2026-09-25 11:46:25.583852+00:00,25/09/2026,1636341511,2026-09-25 15:30:00+00:00,UEFA - U21 Euro Championship Qualifiers,Bulgaria,Portugal,13.64,7.23,1.1779,1.5236,2.5
2026-09-25 11:46:25.583852+00:00,25/09/2026,1636341512,2026-09-25 16:00:00+00:00,UEFA - U21 Euro Championship Qualifiers,Slovakia,Ireland,2.09,3.54,3.44,1.9524,1.885
2026-09-25 11:46:25.583852+00:00,25/09/2026,1636341513,2026-09-25 16:30:00+00:00,UEFA - U21 Euro Championship Qualifiers,Netherlands,Norway,1.7937,4.03,4.04,1.5405,2.48
2026-09-25 11:46:25.583852+00:00,25/09/2026,1636346502,2026-09-25 16:00:00+00:00,UEFA - Nations League B,Georgia,Northern Ireland,1.8333,3.5,4.89,2.31,1.6536
2026-09-25 11:46:25.583852+00:00,25/09/2026,1636346515,2026-09-25 16:00:00+00:00,UEFA - U21 Euro Championship Qualifiers,Estonia,Faroe Islands,2.82,3.46,2.47,1.9901,1.8475
2026-09-25 11:46:25.583852+00:00,25/09/2026,1636454990,2026-09-25 14:00:00+00:00,International - Friendlies,India,Panama,9.46,5.33,1.3077,1.7576,2.07
2026-09-25 11:46:25.583852+00:00,25/09/2026,1636611814,2026-09-25 17:00:00+00:00,Germany - 3. Liga,Havelse,Fortuna Koln,2.8,3.6,2.41,1.7299,2.13
2026-09-25 11:46:25.583852+00:00,25/09/2026,1636812293,2026-09-25 13:30:00+00:00,Egypt - 2nd Division B,El-Obour SC,El Alameen,1.8065,3.1,4.25,2.38,1.5
2026-09-25 11:46:25.583852+00:00,25/09/2026,1636812294,2026-09-25 13:30:00+00:00,Egypt - 2nd Division B,Raa SC,Egypt Insurance,1.9259,3.0,3.84,2.39,1.495
2026-09-25 11:46:25.583852+00:00,25/09/2026,1636812295,2026-09-25 13:30:00+00:00,Egypt - 2nd Division B,Al-Shanwani SC,Diamond,2.92,2.36,2.9,2.81,1.3676
2026-09-25 11:46:25.583852+00:00,25/09/2026,1636812296,2026-09-25 13:30:00+00:00,Egypt - 2nd Division B,Cascada,Orange Sport FSI,2.12,2.86,3.45,2.5,1.4545
2026-09-25 11:46:25.583852+00:00,25/09/2026,1636812398,2026-09-25 13:30:00+00:00,Egypt - 2nd Division B,Al Qanater Al Khayreyah,Levels FC,3.44,2.95,2.07,2.34,1.5155
2026-09-25 11:46:25.583852+00:00,25/09/2026,1636812500,2026-09-25 13:30:00+00:00,Egypt - 2nd Division B,Banha,Gomhoryet Shebin,1.9259,2.95,3.93,2.51,1.4525
2026-09-25 11:46:25.583852+00:00,25/09/2026,1636867972,2026-09-25 16:00:00+00:00,UEFA - Nations League C,Armenia,Latvia,1.885,3.53,4.4,2.14,1.7353
2026-09-25 11:46:25.583852+00:00,25/09/2026,1636928837,2026-09-25 13:30:00+00:00,Egypt - 2nd Division A,Haras El Hodood,Dayrout,1.173,4.84,11.26,1.9346,1.6757
2026-09-25 11:46:25.583852+00:00,25/09/2026,1636928838,2026-09-25 13:30:00+00:00,Egypt - 2nd Division A,Tersana,Baladiyyat Al Mehalla,2.48,2.41,3.85,3.06,1.3534
2026-09-25 11:46:25.583852+00:00,25/09/2026,1636928839,2026-09-25 13:30:00+00:00,Egypt - 2nd Division A,WE SC,La Viena,2.41,2.92,3.12,3.07,1.3497
2026-09-25 11:46:25.583852+00:00,25/09/2026,1636928844,2026-09-25 13:45:00+00:00,UEFA - U21 Euro Championship Qualifiers,Azerbaijan,Czechia,11.6,6.11,1.2299,1.5682,2.39
2026-09-25 11:46:25.583852+00:00,25/09/2026,1636937841,2026-09-25 13:00:00+00:00,FIFA - ASEAN Cup Division 1,Indonesia,Singapore,1.16,7.9,13.08,1.4255,2.74
2026-09-25 11:46:25.583852+00:00,25/09/2026,1636937849,2026-09-25 13:30:00+00:00,Czech Republic - 3. Liga,Zlin II,Vitkovice,2.09,3.91,2.79,1.6494,2.18
2026-09-25 11:46:25.583852+00:00,25/09/2026,1636937853,2026-09-25 14:00:00+00:00,Poland - 3rd Liga,Wisla Plock II,Jagiellonia Bialystok II,2.15,3.79,2.53,,
2026-09-25 11:46:25.583852+00:00,25/09/2026,1636937869,2026-09-25 15:00:00+00:00,Slovakia - 3. Liga,KFC Komarno II,Banik Prievidza,2.52,3.94,2.11,1.4545,2.45
2026-09-25 11:46:25.583852+00:00,25/09/2026,1636950876,2026-09-25 12:00:00+00:00,Indonesia - Championship,Persiba Balikpapan,Dejan,3.84,3.6,1.7407,1.9615,1.7874
2026-09-25 11:46:25.583852+00:00,25/09/2026,1636950885,2026-09-25 13:00:00+00:00,Slovakia - 3. Liga,Slavia TU Kosice,Spartak Medzev,1.5882,4.35,3.93,1.4032,2.66
2026-09-25 11:46:25.583852+00:00,25/09/2026,1636950886,2026-09-25 13:00:00+00:00,Portugal - U23 Championship,Maritimo,Benfica,4.93,4.36,1.5319,1.4926,2.5
2026-09-25 11:46:25.583852+00:00,25/09/2026,1636950887,2026-09-25 13:00:00+00:00,Croatia - Prva NL,Dinamo Zagreb II,Mladost Zdralovi,2.9,3.2,2.3,2.1,1.6993
2026-09-25 11:46:25.583852+00:00,25/09/2026,1636950898,2026-09-25 13:30:00+00:00,Czech Republic - 3. Liga,MFK Karvina II,Artis Brno II,5.86,4.91,1.3937,1.4608,2.57
2026-09-25 11:46:25.583852+00:00,25/09/2026,1636950899,2026-09-25 13:30:00+00:00,Czech Republic - 3. Liga,Slovacko II,Zbrojovka Brno II,2.37,3.95,2.4,1.3953,2.8
2026-09-25 11:46:25.583852+00:00,25/09/2026,1636950900,2026-09-25 13:30:00+00:00,Egypt - 2nd Division A,El-Entag El-Harby,Tanta,2.53,2.6,3.36,2.83,1.4032
2026-09-25 11:46:25.583852+00:00,25/09/2026,1636950907,2026-09-25 14:00:00+00:00,Poland - 3rd Liga,Zabkovia Zabki,Mlawianka Mlawa,1.625,4.31,3.58,,
2026-09-25 11:46:25.583852+00:00,25/09/2026,1636950940,2026-09-25 16:00:00+00:00,Czech Republic - 3. Liga,Pisek,Pribram II,1.5682,4.16,4.39,1.463,2.51
2026-09-25 11:46:25.583852+00:00,25/09/2026,1636950951,2026-09-25 17:00:00+00:00,Austria - Regionalliga Ost,Marchfeld Donauauen,Oberwart,1.5263,4.3,4.19,,
2026-09-25 11:46:25.583852+00:00,25/09/2026,1636950955,2026-09-25 17:00:00+00:00,Spain - Primera Federacion,Atletico Madrid II,Villarreal II,2.4,3.33,2.67,1.7463,2.03
2026-09-25 11:46:25.583852+00:00,25/09/2026,1636950956,2026-09-25 17:00:00+00:00,Slovakia - 3. Liga,Spartak Myjava,SK 1923 Gabcikovo,1.565,3.93,4.3,1.6173,2.14
2026-09-25 11:46:25.583852+00:00,25/09/2026,1636950957,2026-09-25 17:00:00+00:00,Austria - Landesliga,UFC Fehring,Pachern,1.9174,3.66,3.01,1.4132,2.57
2026-09-25 11:46:25.583852+00:00,25/09/2026,1636950958,2026-09-25 17:00:00+00:00,Sweden - Division 1 Norra,Hammarby Talang,Stocksund,1.1949,7.15,8.41,,
2026-09-25 11:46:25.583852+00:00,25/09/2026,1636950959,2026-09-25 17:00:00+00:00,Poland - 3rd Liga,Wislanie Skawina,Wisloka Debica,1.7874,3.46,3.6,1.6289,2.12
2026-09-25 11:46:25.583852+00:00,25/09/2026,1636950960,2026-09-25 17:00:00+00:00,Germany - Regionalliga North East,Magdeburg II,VSG Altglienicke,3.45,4.51,1.7246,1.3704,2.89
2026-09-25 11:46:25.583852+00:00,25/09/2026,1636950961,2026-09-25 17:00:00+00:00,Norway - 3rd Division,Varhaug,Staal Joerpeland,1.4695,4.47,4.48,,
2026-09-25 11:46:25.583852+00:00,25/09/2026,1636950962,2026-09-25 17:00:00+00:00,Germany - Regionalliga South West,Astoria Walldorf,Sandhausen,2.78,3.95,2.09,1.4132,2.73
2026-09-25 11:46:25.583852+00:00,25/09/2026,1636953727,2026-09-25 14:00:00+00:00,Poland - 3rd Liga,Swit Nowy Dwor Mazowiecki,Lomza,1.4484,4.7,4.46,1.4082,2.59
2026-09-25 11:46:25.583852+00:00,25/09/2026,1636953728,2026-09-25 14:00:00+00:00,Slovenia - 2. SNL,Jadran Dekani,Ilirija 1911,2.26,3.1,2.77,1.9091,1.8
2026-09-25 11:46:25.583852+00:00,25/09/2026,1636953734,2026-09-25 14:30:00+00:00,Slovakia - 2. Liga,Pohronie,Inter Bratislava,2.32,3.54,2.64,1.6173,2.24
2026-09-25 11:46:25.583852+00:00,25/09/2026,1636953744,2026-09-25 15:00:00+00:00,Austria - Landesliga,KAC 1909,Spittal an der Drau,1.641,3.99,3.76,1.3891,2.66
2026-09-25 11:46:25.583852+00:00,25/09/2026,1636953749,2026-09-25 15:25:00+00:00,Saudi Arabia - Premier League Women,Al Nassr,Al-Ula,1.5814,3.98,4.1,,
2026-09-25 11:46:25.583852+00:00,25/09/2026,1636953757,2026-09-25 15:30:00+00:00,Finland - Ykkosliiga,KTP,Mikkelin Palloilijat,1.4386,5.05,6.09,1.4292,2.82
2026-09-25 11:46:25.583852+00:00,25/09/2026,1636953765,2026-09-25 16:00:00+00:00,Austria - Landesliga,Simmeringer,Post SV Wien,3.19,3.71,1.8403,1.3906,2.65
2026-09-25 11:46:25.583852+00:00,25/09/2026,1636953768,2026-09-25 16:00:00+00:00,Austria - Landesliga,TWL Elektra,Floridsdorfer AC II,1.7299,3.73,3.58,1.495,2.34
2026-09-25 11:46:25.583852+00:00,25/09/2026,1636953769,2026-09-25 16:00:00+00:00,Norway - Toppserien Women,Bodo Glimt,Roa IL,4.52,4.12,1.5917,1.6329,2.21
2026-09-25 11:46:25.583852+00:00,25/09/2026,1636953770,2026-09-25 16:00:00+00:00,Finland - Ykkonen,Tampere United,JJK,1.2747,5.89,7.71,,
2026-09-25 11:46:25.583852+00:00,25/09/2026,1636953771,2026-09-25 16:00:00+00:00,Norway - 3rd Division,Aalesund II,Rosenborg II,3.3,4.06,1.7299,,
2026-09-25 11:46:25.583852+00:00,25/09/2026,1636953774,2026-09-25 16:00:00+00:00,CAF - Africa Cup of Nations Qualifiers,Gambia,Somalia,1.123,7.22,19.69,1.6098,2.23
2026-09-25 11:46:25.583852+00:00,25/09/2026,1636953776,2026-09-25 16:00:00+00:00,Finland - Ykkosliiga,KaPa,FC Haka,6.06,4.88,1.4545,1.4808,2.64
2026-09-25 11:46:25.583852+00:00,25/09/2026,1636953793,2026-09-25 17:00:00+00:00,Austria - Regionalliga Ost,Parndorf,Favoritner,1.4405,4.29,5.01,1.5435,2.24
2026-09-25 11:46:25.583852+00:00,25/09/2026,1636953797,2026-09-25 17:00:00+00:00,Sweden - Division 1 Sodra,Lunds,Kristianstad,1.5025,4.29,5.17,1.6024,2.23
2026-09-25 11:46:25.583852+00:00,25/09/2026,1636953798,2026-09-25 17:00:00+00:00,Denmark - 3rd Division,Helsingor,Holbaek B&I,2.54,3.4,2.4,1.5988,2.19
2026-09-25 11:46:25.583852+00:00,25/09/2026,1636963267,2026-09-25 16:30:00+00:00,Austria - Landesliga,SV Rohrbach,Union Gnas,2.67,3.43,2.18,1.5495,2.23
2026-09-25 11:46:25.583852+00:00,25/09/2026,1636963268,2026-09-25 16:30:00+00:00,Austria - Landesliga,Leoben,SC Bruck/Mur,6.8,6.03,1.1799,,
2026-09-25 11:46:25.583852+00:00,25/09/2026,1636963278,2026-09-25 17:00:00+00:00,Sweden - Elitettan Women,Orebro SK,Linkopings,5.07,4.27,1.4386,1.5102,2.31
2026-09-25 11:46:25.583852+00:00,25/09/2026,1636963280,2026-09-25 17:00:00+00:00,Denmark - 2nd Division,HIK,Roskilde,5.79,4.39,1.4464,1.4762,2.52
2026-09-25 11:46:25.583852+00:00,25/09/2026,1637002766,2026-09-25 12:00:00+00:00,England - Professional Development League U21,Barnsley,Sheffield United,2.26,4.18,2.52,1.3953,2.8
2026-09-25 11:46:25.583852+00:00,25/09/2026,1637137686,2026-09-25 15:00:00+00:00,Finland - Kolmonen,NuPS,PPJ/Ruoholahti,2.07,3.92,2.58,,
2026-09-25 11:46:25.583852+00:00,25/09/2026,1637137688,2026-09-25 17:00:00+00:00,Finland - Kolmonen,ToTe,HPS ll,1.7519,4.31,2.86,,
2026-09-25 11:46:25.583852+00:00,25/09/2026,1637143665,2026-09-25 16:00:00+00:00,CAF - Africa Cup of Nations Qualifiers,Malawi,South Sudan,1.6452,3.4,5.71,2.34,1.5587
2026-09-25 11:46:25.583852+00:00,25/09/2026,1637143666,2026-09-25 13:20:00+00:00,Oman - Cup,Fanja,Al-Nasr,2.78,3.17,2.29,2.15,1.6329
2026-09-25 11:46:25.583852+00:00,25/09/2026,1637143671,2026-09-25 14:35:00+00:00,Oman - Cup,Ibri,Al-Nahda,4.23,3.39,1.6803,1.885,1.8264
2026-09-25 11:46:25.583852+00:00,25/09/2026,1637143672,2026-09-25 14:35:00+00:00,Oman - Cup,Saham,Al-Musannah,2.22,3.2,2.77,1.8403,1.8696
2026-09-25 11:46:25.583852+00:00,25/09/2026,1637143673,2026-09-25 14:30:00+00:00,Finland - Kolmonen,NoPS,TPV II,1.8475,4.16,2.91,,
2026-09-25 11:46:25.583852+00:00,25/09/2026,1637143674,2026-09-25 13:00:00+00:00,Jordan - 1st Division,Sama Al Sarhan,Al Aqaba,1.4,4.26,6.11,1.7042,2.04
2026-09-25 11:46:25.583852+00:00,25/09/2026,1637145965,2026-09-25 15:00:00+00:00,CAF - Africa Cup of Nations Qualifiers,Niger,Lesotho,1.7353,3.24,5.16,2.2,1.6536
2026-09-25 11:46:25.583852+00:00,25/09/2026,1637145973,2026-09-25 16:15:00+00:00,Finland - Kolmonen,EsPa,GrIFK II,1.6329,4.54,3.4,1.3891,2.66
2026-09-25 11:46:25.583852+00:00,25/09/2026,1637145974,2026-09-25 16:00:00+00:00,Jordan - 1st Division,Amman,Ittihad Al-Ramtha,2.04,2.93,3.4,2.27,1.5291
2026-09-25 11:46:25.583852+00:00,25/09/2026,1637145975,2026-09-25 17:00:00+00:00,Sweden - Division 2,Landvetter IS,Torslanda,1.4545,4.17,5.0,1.4525,2.46
2026-09-25 11:46:25.583852+00:00,25/09/2026,1637145976,2026-09-25 17:00:00+00:00,Sweden - Division 2,Rappe GOIF,Vaxjo Norra,2.69,4.1,1.9615,1.4545,2.45
2026-09-25 11:46:25.583852+00:00,25/09/2026,1637158406,2026-09-25 14:30:00+00:00,Club Friendlies,Stuttgart,Heidenheim,1.5291,4.2,4.25,,
2026-09-25 11:46:25.583852+00:00,25/09/2026,1637165249,2026-09-25 13:30:00+00:00,International - Friendlies U19,France,Italy,1.8547,4.0,3.46,1.7092,2.12
2026-09-25 11:46:25.583852+00:00,25/09/2026,1637165304,2026-09-25 15:00:00+00:00,International - Friendlies U19,Slovakia,Kazakhstan,2.21,3.18,3.08,1.8547,1.9346
2026-09-25 11:46:25.583852+00:00,25/09/2026,1637171964,2026-09-25 13:00:00+00:00,France - U19 League,Paris Saint-Germain,Caen,1.4167,4.92,4.9,1.4425,2.49
2026-09-25 11:46:25.583852+00:00,25/09/2026,1637181752,2026-09-25 16:00:00+00:00,CAF - Africa Cup of Nations Qualifiers,Togo,Burundi,1.5747,3.49,6.43,2.32,1.5882
2026-09-25 11:46:25.583852+00:00,25/09/2026,1637181760,2026-09-25 17:00:00+00:00,Mexico - Liga TDP,Valle de Xico,Halcones Zuniga,1.159,6.65,8.67,,
2026-09-25 11:46:25.583852+00:00,25/09/2026,1637183923,2026-09-25 13:00:00+00:00,CAF - Africa Cup of Nations Qualifiers,Tanzania,Guinea-Bissau,2.22,2.84,3.83,2.67,1.4566
2026-09-25 11:46:25.583852+00:00,25/09/2026,1637183925,2026-09-25 16:00:00+00:00,CAF - Africa Cup of Nations Qualifiers,Rwanda,Liberia,1.7519,3.56,4.41,2.39,1.5348
2026-09-25 11:46:25.583852+00:00,25/09/2026,1637183930,2026-09-25 16:00:00+00:00,Mexico - Liga TDP,Politecnico,Aztecas AMF,1.3571,4.52,5.91,1.3774,2.7
2026-09-25 11:46:25.583852+00:00,25/09/2026,1637183951,2026-09-25 16:00:00+00:00,Czech Republic - 4. Liga,SK Batov,Nove Sady,2.0,3.32,2.86,1.565,2.12
2026-09-25 11:46:25.583852+00:00,25/09/2026,1637183979,2026-09-25 17:00:00+00:00,Austria - Regionalliga South,Allerheiligen,Deutschlandsberger,3.9,4.01,1.6098,,
2026-09-25 11:46:25.583852+00:00,25/09/2026,1637183991,2026-09-25 15:30:00+00:00,International - Friendlies U20,Germany,France,2.37,3.87,2.43,1.4808,2.51
2026-09-25 11:46:25.583852+00:00,25/09/2026,1637185115,2026-09-25 16:00:00+00:00,CAF - Africa Cup of Nations Qualifiers,Nigeria,Madagascar,1.1761,5.57,13.34,1.7353,1.9804
2026-09-25 11:46:25.583852+00:00,25/09/2026,1637185116,2026-09-25 16:00:00+00:00,CAF - Africa Cup of Nations Qualifiers,Sudan,Ethiopia,1.813,3.21,4.64,2.41,1.5263
2026-09-25 11:46:25.583852+00:00,25/09/2026,1637185153,2026-09-25 14:15:00+00:00,Czech Republic - 4. Liga,Tatran Bohunice,Sparta Brno,1.2817,4.87,7.11,1.4032,2.61
2026-09-25 11:46:25.583852+00:00,25/09/2026,1637205991,2026-09-25 17:00:00+00:00,Argentina - Primera Division Women,CA Independiente,Ferro Carril Oeste,3.68,3.44,1.885,2.07,1.7194
2026-09-25 11:46:25.583852+00:00,25/09/2026,1637208919,2026-09-25 16:00:00+00:00,Mexico - Liga TDP,Correcaminos de la UAT III,Fut-Car,1.9259,3.75,2.95,1.4854,2.37
2026-09-25 11:46:25.583852+00:00,25/09/2026,1637215443,2026-09-25 13:00:00+00:00,Uruguay - Primera Division Amateur,Centro Atletico Lito,Los Halcones,1.061,8.47,18.23,,
2026-09-25 11:46:25.583852+00:00,25/09/2026,1637220943,2026-09-25 16:00:00+00:00,Mexico - Liga TDP,Around Soccer,Muxes,4.01,3.73,1.5714,1.4545,2.36
2026-09-25 11:46:25.583852+00:00,25/09/2026,1637220948,2026-09-25 13:00:00+00:00,CAF - Africa Cup of Nations Qualifiers,Mozambique,Senegal,12.01,5.44,1.2392,1.6993,2.12
2026-09-25 11:46:25.583852+00:00,25/09/2026,1637246724,2026-09-25 16:00:00+00:00,COSAFA - U20 Cup,Namibia,Mozambique,3.98,3.01,1.8197,2.53,1.4202
2026-09-25 11:46:25.583852+00:00,25/09/2026,1637268713,2026-09-25 14:00:00+00:00,Club Friendlies,Gornji Rahic,Sarajevo,9.93,6.05,1.161,1.3636,2.72
2026-09-25 11:46:25.583852+00:00,25/09/2026,1637268726,2026-09-25 17:00:00+00:00,Austria - Regionalliga South,Atus Velden,VST Volkermarkt,1.7407,3.63,3.61,1.495,2.35
2026-09-25 11:46:25.583852+00:00,25/09/2026,1637269465,2026-09-25 17:00:00+00:00,Austria - Regionalliga North,Sedda Bad Schallerbach,Kuchl,2.06,3.56,2.78,1.3937,2.64
2026-09-25 11:46:25.583852+00:00,25/09/2026,1637269471,2026-09-25 17:00:00+00:00,Austria - Regionalliga South,Wolfsberg,SVG Bleiburg,2.39,3.63,2.32,,
2026-09-25 11:46:25.583852+00:00,25/09/2026,1637277975,2026-09-25 15:30:00+00:00,Peru - Primera Division Women,Killas,Flamengo FBC,2.11,3.74,2.6,1.3817,2.69
2026-09-25 11:46:25.583852+00:00,25/09/2026,1637281600,2026-09-25 13:20:00+00:00,Oman - Cup,Samail,Dhofar Club,4.42,3.3,1.7143,2.13,1.641
2026-09-25 11:46:25.583852+00:00,25/09/2026,1637297170,2026-09-25 13:00:00+00:00,South American Games U19,Chile,Peru,2.23,2.98,3.25,2.27,1.5988
2026-09-25 11:46:25.583852+00:00,25/09/2026,1637297192,2026-09-25 13:00:00+00:00,Zanzibar - Premier League,Mafunzo,Muembe Makumbi,2.35,2.89,2.94,2.3,1.5525
2026-09-25 11:46:25.583852+00:00,25/09/2026,1637307597,2026-09-25 13:30:00+00:00,Egypt - 2nd Division A,Delta United,Ismaily,3.23,2.67,2.54,2.98,1.369
2026-09-25 17:07:00.415099+00:00,25/09/2026,1636333025,2026-09-25 18:45:00+00:00,UEFA - Nations League A,Turkiye,France,8.1,5.58,1.3584,1.3344,3.4
2026-09-25 17:07:00.415099+00:00,25/09/2026,1636346498,2026-09-25 18:45:00+00:00,UEFA - Nations League A,Italy,Belgium,2.22,3.63,3.26,1.6623,2.29
2026-09-25 17:07:00.415099+00:00,25/09/2026,1636346503,2026-09-25 18:45:00+00:00,UEFA - Nations League B,Hungary,Ukraine,2.77,3.19,2.79,2.21,1.7042
2026-09-25 17:07:00.415099+00:00,25/09/2026,1636346504,2026-09-25 18:45:00+00:00,UEFA - Nations League B,Poland,Bosnia and Herzegovina,1.5,4.59,6.54,1.6536,2.31
2026-09-25 17:07:00.415099+00:00,25/09/2026,1636346505,2026-09-25 18:45:00+00:00,UEFA - Nations League B,Sweden,Romania,1.4695,4.92,6.47,1.5181,2.63
2026-09-25 17:07:00.415099+00:00,25/09/2026,1636346514,2026-09-25 17:30:00+00:00,UEFA - U21 Euro Championship Qualifiers,Switzerland,Luxembourg,1.216,6.45,11.79,1.5618,2.4
2026-09-25 17:07:00.415099+00:00,25/09/2026,1636382492,2026-09-25 18:30:00+00:00,UEFA - U21 Euro Championship Qualifiers,England,Kazakhstan,1.025,24.61,42.79,,
2026-09-25 17:07:00.415099+00:00,25/09/2026,1636867973,2026-09-25 18:45:00+00:00,UEFA - Nations League C,Montenegro,Cyprus,1.641,3.9,5.64,2.05,1.8264
2026-09-25 17:07:00.415099+00:00,25/09/2026,1636875773,2026-09-25 18:45:00+00:00,Ireland - Premier,Galway United,Shelbourne,3.0,3.34,2.46,1.8197,2.04
2026-09-25 17:07:00.415099+00:00,25/09/2026,1636875774,2026-09-25 18:45:00+00:00,Ireland - Division 1,Kerry,Wexford,2.29,3.62,2.97,1.8197,2.03
2026-09-25 17:07:00.415099+00:00,25/09/2026,1636875775,2026-09-25 18:45:00+00:00,Ireland - Division 1,Cobh Ramblers,Athlone Town,2.6,3.47,2.65,1.8264,2.02
2026-09-25 17:07:00.415099+00:00,25/09/2026,1636875800,2026-09-25 18:45:00+00:00,Northern Ireland - Premiership,Coleraine,Linfield,2.02,3.77,3.44,1.7937,2.04
2026-09-25 17:07:00.415099+00:00,25/09/2026,1636887015,2026-09-25 18:45:00+00:00,Ireland - Division 1,University College Dublin,Bray Wanderers,2.74,3.65,2.44,1.4695,2.68
2026-09-25 17:07:00.415099+00:00,25/09/2026,1636887016,2026-09-25 18:45:00+00:00,Scotland - Championship,Ayr United,Stenhousemuir,2.35,3.25,3.17,2.25,1.6579
2026-09-25 17:07:00.415099+00:00,25/09/2026,1636896107,2026-09-25 18:45:00+00:00,Scotland - Championship,Raith Rovers,Livingston,2.8,3.32,2.55,1.9259,1.9091
2026-09-25 17:07:00.415099+00:00,25/09/2026,1636896108,2026-09-25 18:45:00+00:00,Scotland - Championship,Inverness CT,Greenock Morton,1.3401,5.04,8.89,1.7692,2.08
2026-09-25 17:07:00.415099+00:00,25/09/2026,1636896110,2026-09-25 18:45:00+00:00,Ireland - Division 1,Treaty United,Finn Harps,1.6289,4.2,4.93,1.6849,2.2
2026-09-25 17:07:00.415099+00:00,25/09/2026,1636896111,2026-09-25 18:45:00+00:00,Scotland - Championship,Arbroath,Queens Park,1.8475,3.37,4.65,2.32,1.625
2026-09-25 17:07:00.415099+00:00,25/09/2026,1636953813,2026-09-25 17:30:00+00:00,Austria - Landesliga,Bad Sauerbrunn,Deutschkreutz,2.09,3.62,2.79,1.4587,2.49
2026-09-25 17:07:00.415099+00:00,25/09/2026,1636953817,2026-09-25 17:30:00+00:00,Austria - Landesliga,ASKO Klingenbach,Kohfidisch,1.5714,4.04,4.36,1.4902,2.41
2026-09-25 17:07:00.415099+00:00,25/09/2026,1636953818,2026-09-25 17:30:00+00:00,Austria - Landesliga,St. Veit,TSU Matrei,1.1181,8.15,9.98,,
2026-09-25 17:07:00.415099+00:00,25/09/2026,1636953825,2026-09-25 18:00:00+00:00,Argentina - Liga Pro Reserves,Colon de Santa Fe,Union de Santa Fe,3.3,2.85,2.36,2.71,1.4348
2026-09-25 17:07:00.415099+00:00,25/09/2026,1636963288,2026-09-25 17:15:00+00:00,Saudi Arabia - Premier League Women,Al Ittihad,Al-Qadsiah,3.26,3.69,1.8696,1.4115,2.64
2026-09-25 17:07:00.415099+00:00,25/09/2026,1636963290,2026-09-25 17:30:00+00:00,Austria - Regionalliga Ost,SV Horn,Traiskirchen,2.43,3.69,2.33,1.4329,2.57
2026-09-25 17:07:00.415099+00:00,25/09/2026,1636963291,2026-09-25 17:30:00+00:00,Austria - Regionalliga Ost,Kremser,Mattersburg 2020,1.9615,3.43,3.23,1.5714,2.22
2026-09-25 17:07:00.415099+00:00,25/09/2026,1636963298,2026-09-25 17:30:00+00:00,Switzerland - 1. Liga Classic,Lausanne Sport II,Echallens,1.5464,4.52,4.45,,
2026-09-25 17:07:00.415099+00:00,25/09/2026,1636963299,2026-09-25 17:30:00+00:00,Germany - Regionalliga North,Schoningen 2011,Drochtersen Assel,3.59,4.22,1.7752,1.4425,2.69
2026-09-25 17:07:00.415099+00:00,25/09/2026,1636963306,2026-09-25 18:00:00+00:00,Austria - Landesliga,USV Halbturn,Oberpullendorf,1.7463,3.82,3.6,1.4926,2.4
2026-09-25 17:07:00.415099+00:00,25/09/2026,1636963307,2026-09-25 18:00:00+00:00,Belgium - Super League Women,Genk,Gent,1.7194,3.79,3.73,1.813,1.9259
2026-09-25 17:07:00.415099+00:00,25/09/2026,1636963309,2026-09-25 18:00:00+00:00,Mexico - U21 League,Atlante,Monterrey,2.89,3.42,2.11,1.7194,2.01
2026-09-25 17:07:00.415099+00:00,25/09/2026,1636963321,2026-09-25 18:30:00+00:00,Wales - Championship,Baglan Dragons,Carmarthen Town,2.64,3.56,2.31,1.6667,2.15
2026-09-25 17:07:00.415099+00:00,25/09/2026,1636963331,2026-09-25 18:45:00+00:00,Northern Ireland - Premiership Women,Linfield,Cliftonville,4.64,5.54,1.3953,1.3401,2.93
2026-09-25 17:07:00.415099+00:00,25/09/2026,1636963332,2026-09-25 18:45:00+00:00,Scotland - Challenge Cup,Spartans,Dundee B,1.125,7.35,10.75,1.4651,2.38
2026-09-25 17:07:00.415099+00:00,25/09/2026,1636963333,2026-09-25 19:00:00+00:00,Wales - Championship,Aberystwyth Town,Pure Swansea FC,2.28,3.69,2.61,1.4587,2.57
2026-09-25 17:07:00.415099+00:00,25/09/2026,1636963334,2026-09-25 19:00:00+00:00,CAF - Africa Cup of Nations Qualifiers,Burkina Faso,Benin,1.5405,3.59,7.35,2.43,1.5405
2026-09-25 17:07:00.415099+00:00,25/09/2026,1636986780,2026-09-25 19:00:00+00:00,CAF - Africa Cup of Nations Qualifiers,Morocco,Gabon,1.111,7.59,18.74,1.4444,2.56
2026-09-25 17:07:00.415099+00:00,25/09/2026,1636986794,2026-09-25 18:30:00+00:00,Spain - Segunda Division,Girona,Albacete,1.5155,4.6,6.24,1.6849,2.27
2026-09-25 17:07:00.415099+00:00,25/09/2026,1636986795,2026-09-25 18:30:00+00:00,England - Professional Development League U21,Colchester United,Sheffield Wednesday,2.67,4.82,2.01,,
2026-09-25 17:07:00.415099+00:00,25/09/2026,1636986799,2026-09-25 18:45:00+00:00,Northern Ireland - Premiership Women,Derry City,Larne,1.076,8.76,12.6,,
2026-09-25 17:07:00.415099+00:00,25/09/2026,1636986800,2026-09-25 19:00:00+00:00,Netherlands - Eerste Divisie,Dordrecht,Almere City,3.15,4.27,2.0,1.4202,2.86
2026-09-25 17:07:00.415099+00:00,25/09/2026,1636986801,2026-09-25 19:00:00+00:00,Scotland - Highland League,Strathspey Thistle,Forres Mechanics,1.8065,3.91,3.3,,
2026-09-25 17:07:00.415099+00:00,25/09/2026,1636986802,2026-09-25 19:00:00+00:00,Northern Ireland - Premiership Women,Lisburn,Crusaders Strikers,3.71,3.89,1.7042,1.4,2.62
2026-09-25 17:07:00.415099+00:00,26/09/2026,1636986803,2026-09-25 21:15:00+00:00,Bolivia - Cup,ABB,Aurora,2.58,3.19,2.19,1.4484,2.33
2026-09-25 17:07:00.415099+00:00,25/09/2026,1636986810,2026-09-25 20:00:00+00:00,Spain - Tercera Division,Estrella,Las Palmas III,3.43,3.34,1.9434,1.8547,1.9009
2026-09-25 17:07:00.415099+00:00,25/09/2026,1637002765,2026-09-25 18:00:00+00:00,Argentina - Liga Pro Reserves,San Martin de San Juan,Godoy Cruz,5.62,4.45,1.4808,1.5319,2.42
2026-09-25 17:07:00.415099+00:00,25/09/2026,1637002776,2026-09-25 18:30:00+00:00,Wales - Championship,Afan Lido,Newport City,2.52,3.82,2.32,1.578,2.27
2026-09-25 17:07:00.415099+00:00,25/09/2026,1637002780,2026-09-25 18:45:00+00:00,Wales - Championship,Ruthin Town,Penrhyncoch,2.23,3.81,2.63,1.495,2.47
2026-09-25 17:07:00.415099+00:00,25/09/2026,1637002785,2026-09-25 19:15:00+00:00,Spain - Primera Federacion,UD Ibiza,Real Zaragoza,2.39,3.35,2.67,1.9524,1.8403
2026-09-25 17:07:00.415099+00:00,26/09/2026,1637002794,2026-09-25 21:00:00+00:00,CONCACAF - Nations League B,Grenada,Cuba,3.06,3.0,2.32,2.2,1.6369
2026-09-25 17:07:00.415099+00:00,25/09/2026,1637086502,2026-09-25 18:45:00+00:00,England - FA Trophy,Biggleswade,Three Bridges,2.05,3.83,2.76,1.4386,2.55
2026-09-25 17:07:00.415099+00:00,25/09/2026,1637098320,2026-09-25 18:00:00+00:00,Brazil - Carioca U20,Marica,Volta Redonda,2.07,3.15,3.23,1.9524,1.7937
2026-09-25 17:07:00.415099+00:00,25/09/2026,1637137689,2026-09-25 18:45:00+00:00,Wales - Championship,Caerphilly Athletic,Pontypridd United,2.57,3.68,2.32,1.4202,2.69
2026-09-25 17:07:00.415099+00:00,25/09/2026,1637143675,2026-09-25 18:30:00+00:00,Wales - Championship,Bangor 1876,Buckley Town,1.5291,4.54,4.45,1.3906,2.75
2026-09-25 17:07:00.415099+00:00,26/09/2026,1637145977,2026-09-25 21:30:00+00:00,Mexico - Liga TDP,Pioneros Junior,Corsarios de Campeche,1.9615,3.0,3.55,2.23,1.5682
2026-09-25 17:07:00.415099+00:00,25/09/2026,1637154293,2026-09-25 17:15:00+00:00,Sweden - Division 2,Vanersborgs IF,Ahlafors,5.23,4.54,1.4255,,
2026-09-25 17:07:00.415099+00:00,26/09/2026,1637155279,2026-09-25 21:30:00+00:00,Paraguay - Division Intermedia,General Caballero JLM,3 De Noviembre,1.6369,3.41,4.02,1.7874,1.8696
2026-09-25 17:07:00.415099+00:00,25/09/2026,1637155597,2026-09-25 19:00:00+00:00,Paraguay - Division Intermedia,Independiente FBC,Sportivo Carapegua,1.9174,3.09,3.74,1.9615,1.7874
2026-09-25 17:07:00.415099+00:00,25/09/2026,1637155659,2026-09-25 18:45:00+00:00,England - Isthmian Division 1 South Central,Bedfont Sports,Jersey Bulls,5.26,4.4,1.4367,1.6849,2.06
2026-09-25 17:07:00.415099+00:00,25/09/2026,1637159106,2026-09-25 18:00:00+00:00,Iceland - Urvalsdeild Women,Valur Reykjavik,Vikingur Reykjavik,2.21,3.72,2.8,1.4608,2.63
2026-09-25 17:07:00.415099+00:00,25/09/2026,1637159108,2026-09-25 17:30:00+00:00,Sweden - Division 2,Dalstorps,Boljan,1.6849,4.02,3.7,1.495,2.39
2026-09-25 17:07:00.415099+00:00,25/09/2026,1637164998,2026-09-25 18:30:00+00:00,Ireland - Leinster Senior League,Kilbarrack United,Killester Donnycarney,1.8,3.75,3.43,1.4608,2.49
2026-09-25 17:07:00.415099+00:00,25/09/2026,1637164999,2026-09-25 19:00:00+00:00,CONCACAF - Nations League B,Bermuda,Guadeloupe,2.03,3.27,3.56,2.04,1.7937
2026-09-25 17:07:00.415099+00:00,25/09/2026,1637165251,2026-09-25 20:15:00+00:00,Peru - Liga 2,Comerciantes,Sport Huancayo II,1.5747,3.48,4.89,2.01,1.6993
2026-09-25 17:07:00.415099+00:00,25/09/2026,1637165252,2026-09-25 18:45:00+00:00,Ireland - Leinster Senior League,Wayside Celtic,Tolka Rovers,1.3145,7.34,4.51,,
2026-09-25 17:07:00.415099+00:00,25/09/2026,1637165253,2026-09-25 19:00:00+00:00,Ireland - Leinster Senior League,Inchicore Athletic,St. Francis,1.101,8.59,12.24,,
2026-09-25 17:07:00.415099+00:00,25/09/2026,1637165334,2026-09-25 17:45:00+00:00,Brazil - Carioca B1,AA Carapebus,Sao Cristovao,4.74,3.94,1.5405,2.52,1.4484
2026-09-25 17:07:00.415099+00:00,25/09/2026,1637175506,2026-09-25 19:30:00+00:00,Paraguay - Division Profesional,Sportivo Luqueno,Club Guarani,3.1,3.26,2.38,2.16,1.7143
2026-09-25 17:07:00.415099+00:00,25/09/2026,1637178786,2026-09-25 18:45:00+00:00,Northern Ireland - Championship,Newry City,Harland And Wolff Welders,3.05,4.09,1.7407,1.3891,2.55
2026-09-25 17:07:00.415099+00:00,25/09/2026,1637178787,2026-09-25 18:45:00+00:00,Northern Ireland - Championship,Glenavon,Loughgall,1.8197,3.47,3.65,1.6897,2.05
2026-09-25 17:07:00.415099+00:00,25/09/2026,1637181754,2026-09-25 19:00:00+00:00,CAF - Africa Cup of Nations Qualifiers,Mali,Cape Verde,2.18,2.86,3.9,2.87,1.4016
2026-09-25 17:07:00.415099+00:00,25/09/2026,1637183924,2026-09-25 19:00:00+00:00,CAF - Africa Cup of Nations Qualifiers,Egypt,Angola,1.3472,4.32,10.53,2.25,1.6329
2026-09-25 17:07:00.415099+00:00,25/09/2026,1637183932,2026-09-25 18:00:00+00:00,Iceland - Urvalsdeild Women,Thor/KA,Fram Reykjavik,1.6667,4.3,4.07,1.4237,2.76
2026-09-25 17:07:00.415099+00:00,25/09/2026,1637183949,2026-09-25 19:00:00+00:00,Bolivia - Cup,San Antonio Bulo Bulo,Real Potosi,1.4902,3.86,4.75,1.5263,2.23
2026-09-25 17:07:00.415099+00:00,25/09/2026,1637183950,2026-09-25 19:00:00+00:00,England - FA Trophy,Aveley,Ware,1.2222,6.34,7.03,,
2026-09-25 17:07:00.415099+00:00,25/09/2026,1637185117,2026-09-25 19:00:00+00:00,CAF - Africa Cup of Nations Qualifiers,Algeria,Zambia,1.198,5.31,14.61,1.8333,1.9259
2026-09-25 17:07:00.415099+00:00,25/09/2026,1637193417,2026-09-25 18:00:00+00:00,Switzerland - 2. Liga Interregional,FC Concordia Lausanne,Stade Lausanne-Ouchy II,3.3,3.72,1.8475,1.4505,2.52
2026-09-25 17:07:00.415099+00:00,25/09/2026,1637215455,2026-09-25 18:00:00+00:00,Brazil - Paulista U20,Santo Andre,Sertaozinho,1.6993,3.45,4.27,1.9524,1.7937
2026-09-25 17:07:00.415099+00:00,25/09/2026,1637215603,2026-09-25 18:00:00+00:00,Brazil - Paulista U20,Santos,Jabaquara,1.033,11.63,20.66,,
2026-09-25 17:07:00.415099+00:00,25/09/2026,1637215604,2026-09-25 18:00:00+00:00,Brazil - Paulista U20,Sfera,XV de Piracicaba,1.8929,3.17,3.73,2.08,1.6711
2026-09-25 17:07:00.415099+00:00,25/09/2026,1637215607,2026-09-25 18:00:00+00:00,Brazil - Paulista U20,Sao Paulo,EC Sao Bernardo,1.2151,5.24,9.78,1.5882,2.21
2026-09-25 17:07:00.415099+00:00,25/09/2026,1637218356,2026-09-25 18:00:00+00:00,Brazil - Paulista U20,Corinthians,XV de Jau,1.1541,6.47,10.9,1.4464,2.5
2026-09-25 17:07:00.415099+00:00,25/09/2026,1637218357,2026-09-25 18:00:00+00:00,Brazil - Paulista U20,Agua Santa,Capivariano,2.88,2.98,2.33,2.03,1.7042
2026-09-25 17:07:00.415099+00:00,25/09/2026,1637218359,2026-09-25 19:00:00+00:00,Brazil - Paulista U20,Palmeiras,Ituano,1.128,6.89,12.81,1.463,2.45
2026-09-25 17:07:00.415099+00:00,25/09/2026,1637225786,2026-09-25 18:45:00+00:00,Northern Ireland - Championship,Rathfriland Rangers,Warrenpoint Town,2.57,3.72,2.2,1.641,2.14
2026-09-25 17:07:00.415099+00:00,25/09/2026,1637265103,2026-09-25 18:00:00+00:00,South American Games U19,Paraguay,Argentina,2.8,2.94,2.54,2.26,1.6061
2026-09-25 17:07:00.415099+00:00,25/09/2026,1637269504,2026-09-25 18:00:00+00:00,Club Friendlies,Penafiel,Deportivo La Coruna,2.84,3.39,1.9091,1.6135,1.9709
2026-09-25 17:07:00.415099+00:00,25/09/2026,1637272155,2026-09-25 18:00:00+00:00,Brazil - Paulista U20,Desportivo Brasil,Osasco Sporting,2.04,3.22,3.22,1.8621,1.8772
2026-09-25 17:07:00.415099+00:00,25/09/2026,1637272157,2026-09-25 18:00:00+00:00,Brazil - Paulista U20,Guarani SP,Uniao Suzano,1.2801,4.95,7.79,1.5988,2.21
2026-09-25 17:07:00.415099+00:00,25/09/2026,1637281599,2026-09-25 20:00:00+00:00,Peru - Liga 2,Club Ada Jaen,Deportivo Llacuabamba,1.8197,3.12,3.91,2.28,1.5435
2026-09-25 17:07:00.415099+00:00,25/09/2026,1637290090,2026-09-25 18:30:00+00:00,Club Friendlies,Chaves,Vitoria Guimaraes,4.11,3.86,1.6369,1.5495,2.26
2026-09-25 21:32:04.162315+00:00,26/09/2026,1636709548,2026-09-25 23:10:00+00:00,Colombia - Primera A,Boyaca Chico,Deportivo Pasto,2.63,3.05,2.95,2.62,1.4975
2026-09-25 21:32:04.162315+00:00,26/09/2026,1636986857,2026-09-25 23:00:00+00:00,Chile - Cup,Colo Colo,Audax Italiano,1.4739,3.66,8.0,1.6173,2.24
2026-09-25 21:32:04.162315+00:00,26/09/2026,1636986858,2026-09-25 23:00:00+00:00,Colombia - Cup,Union Magdalena,Independiente Santa Fe,3.15,3.16,2.32,2.15,1.7042
2026-09-25 21:32:04.162315+00:00,26/09/2026,1637002860,2026-09-26 00:00:00+00:00,CONCACAF - Nations League A,Jamaica,Guatemala,1.7692,3.64,4.68,2.24,1.6667
2026-09-25 21:32:04.162315+00:00,26/09/2026,1637012396,2026-09-25 23:30:00+00:00,USA - USL Championship,Sporting Club Jacksonville,Loudoun United,3.26,4.24,1.9615,1.4902,2.61
2026-09-25 21:32:04.162315+00:00,26/09/2026,1637012402,2026-09-25 23:00:00+00:00,USA - USL Championship,Hartford Athletic,Louisville City,2.6,3.8,2.49,1.7874,2.05
2026-09-25 21:32:04.162315+00:00,26/09/2026,1637012425,2026-09-25 22:30:00+00:00,Brazil - Serie B,Gremio Novorizontino,Sao Bernardo,1.5236,4.23,6.59,1.8264,2.05
2026-09-25 21:32:04.162315+00:00,26/09/2026,1637012426,2026-09-25 22:30:00+00:00,USA - National Womens Soccer League,Racing Louisville,San Diego Wave,4.1,3.8,1.7519,1.5208,2.45
2026-09-25 21:32:04.162315+00:00,26/09/2026,1637012428,2026-09-25 22:45:00+00:00,Mexico - U21 League,Club Tijuana,Atlas,1.6536,3.55,4.41,1.8,1.9524
2026-09-25 21:32:04.162315+00:00,26/09/2026,1637012433,2026-09-25 23:00:00+00:00,Mexico - Liga Premier,Chapulineros de Oaxaca,Pioneros de Cancun,2.68,3.23,2.33,1.6757,2.08
2026-09-25 21:32:04.162315+00:00,26/09/2026,1637012442,2026-09-25 23:30:00+00:00,Bolivia - Cup,Nacional Potosi,Always Ready,1.2268,5.11,6.03,1.3922,2.65
2026-09-25 21:32:04.162315+00:00,26/09/2026,1637020548,2026-09-25 23:30:00+00:00,Brazil - Serie B,Vila Nova,Londrina,1.7092,3.66,5.42,2.1,1.7813
2026-09-25 21:32:04.162315+00:00,26/09/2026,1637020559,2026-09-26 00:00:00+00:00,USA - National Womens Soccer League,Gotham FC,Chicago Red Stars,1.112,9.67,11.77,1.3636,2.89
2026-09-25 21:32:04.162315+00:00,26/09/2026,1637040319,2026-09-26 00:30:00+00:00,USA - National Womens Soccer League,Seattle Reign,Boston Legacy,1.8772,3.88,3.31,1.5917,2.24
2026-09-25 21:32:04.162315+00:00,26/09/2026,1637113316,2026-09-25 22:00:00+00:00,Argentina - Liga Pro Reserves,River Plate,Boca Juniors,2.86,2.91,2.6,2.43,1.5291
2026-09-25 21:32:04.162315+00:00,26/09/2026,1637143680,2026-09-25 23:30:00+00:00,USA - USL Super League Women,Lexington SC,Dallas Trinity,1.9709,3.26,3.43,1.9901,1.7752
2026-09-25 21:32:04.162315+00:00,26/09/2026,1637155275,2026-09-25 22:00:00+00:00,Argentina - Primera B Metropolitana,Ituzaingo,Defensores Unidos,3.29,2.81,2.32,2.54,1.4695
2026-09-25 21:32:04.162315+00:00,26/09/2026,1637155303,2026-09-26 00:00:00+00:00,Ecuador - Serie B,El Nacional,Cumbaya,3.42,3.25,2.03,2.12,1.6849
2026-09-25 21:32:04.162315+00:00,26/09/2026,1637155601,2026-09-25 23:00:00+00:00,Argentina - Primera B Metropolitana,Excursionistas,Real Pilar,2.03,3.02,3.73,2.5,1.4831
2026-09-25 21:32:04.162315+00:00,26/09/2026,1637175374,2026-09-25 22:00:00+00:00,Paraguay - Division Profesional,Nacional Asuncion,Sportivo Ameliano,1.9174,3.22,4.54,2.3,1.6329
2026-09-25 21:32:04.162315+00:00,26/09/2026,1637190738,2026-09-26 00:00:00+00:00,CONCACAF - Nations League B,Barbados,Saint Lucia,3.26,3.3,2.08,1.7042,2.09
2026-09-25 21:32:04.162315+00:00,26/09/2026,1637215597,2026-09-25 22:00:00+00:00,Argentina - Primera C Metropolitana,Club Mercedes,Puerto Nuevo,2.41,2.66,3.13,2.73,1.3846
2026-09-25 21:32:04.162315+00:00,26/09/2026,1637220942,2026-09-25 22:20:00+00:00,Mexico - Liga TDP,UDS,Academia Dragones FC,1.8772,3.63,3.3,1.4695,2.46
2026-09-25 21:32:04.162315+00:00,26/09/2026,1637277948,2026-09-25 22:00:00+00:00,Mexico - Liga TDP,Bombarderos de Tecamac,Tuzos de Pachuca,1.2732,5.24,6.69,1.3584,2.77
2026-09-25 21:32:04.162315+00:00,26/09/2026,1637281598,2026-09-25 22:00:00+00:00,Mexico - Liga TDP,Oceania,Heroes de Zaci FC II,2.64,3.4,2.28,1.4831,2.42
2026-09-26 00:36:54.458327+00:00,26/09/2026,1636734323,2026-09-26 01:15:00+00:00,Colombia - Primera A,Once Caldas,Atletico Bucaramanga,1.9804,3.32,4.1,2.24,1.6623
2026-09-26 00:36:54.458327+00:00,26/09/2026,1636937860,2026-09-26 03:00:00+00:00,Mexico - Liga MX,Club Tijuana,Atlas,2.08,3.47,3.77,1.9434,1.9434
2026-09-26 00:36:54.458327+00:00,26/09/2026,1636950916,2026-09-26 01:00:00+00:00,Mexico - Liga MX,Atlante,Monterrey,3.04,3.61,2.34,1.7692,2.13
2026-09-26 00:36:54.458327+00:00,26/09/2026,1636986819,2026-09-26 01:00:00+00:00,USA - USL Championship,El Paso Locomotive,FC Tulsa,2.06,3.26,3.85,1.8772,1.9615
2026-09-26 00:36:54.458327+00:00,26/09/2026,1637012465,2026-09-26 01:00:00+00:00,Mexico - Liga de Expansión MX,Correcaminos UAT,Jaiba Brava,2.15,3.7,3.16,1.6944,2.19
2026-09-26 00:36:54.458327+00:00,26/09/2026,1637012493,2026-09-26 02:30:00+00:00,New Zealand - National League,Wellington Phoenix II,Auckland United,4.5,4.49,1.578,,
2026-09-26 00:36:54.458327+00:00,26/09/2026,1637020567,2026-09-26 01:00:00+00:00,Mexico - Liga MX Women,Cruz Azul,Chivas Guadalajara,2.76,3.59,2.36,1.641,2.26
2026-09-26 00:36:54.458327+00:00,26/09/2026,1637020596,2026-09-26 03:00:00+00:00,CONCACAF - Nations League A,El Salvador,Martinique,1.8475,3.41,4.58,2.38,1.5952
2026-09-26 00:36:54.458327+00:00,26/09/2026,1637020597,2026-09-26 04:00:00+00:00,Japan - Nadeshiko Division 1 Women,Nittaidai,Yokohama Seagulls,4.99,3.72,1.5714,1.8772,1.8772
2026-09-26 00:36:54.458327+00:00,26/09/2026,1637020606,2026-09-26 05:00:00+00:00,Japan - Football League,Briobecca Urayasu,J-Lease FC,2.61,2.98,2.59,2.32,1.5556
2026-09-26 00:36:54.458327+00:00,26/09/2026,1637020607,2026-09-26 05:00:00+00:00,Japan - Nadeshiko Division 1 Women,Vonds Ichihara FC,Setagaya Sfida,3.69,3.92,1.7246,1.7042,2.05
2026-09-26 00:36:54.458327+00:00,26/09/2026,1637020608,2026-09-26 05:00:00+00:00,Japan - Nadeshiko Division 2 Women,Nankatsu,Veertien Mie,2.76,2.82,2.45,2.29,1.5376
2026-09-26 00:36:54.458327+00:00,26/09/2026,1637020609,2026-09-26 05:00:00+00:00,Japan - Nadeshiko Division 2 Women,Bunnies Gunma White Star,JFA Academy Fukushima,2.11,3.37,2.83,1.9709,1.7463
2026-09-26 00:36:54.458327+00:00,26/09/2026,1637020612,2026-09-26 06:00:00+00:00,Japan - J3 League,Nara Club,Reilac Shiga,2.37,3.4,2.66,1.6623,2.16
2026-09-26 00:36:54.458327+00:00,26/09/2026,1637040327,2026-09-26 01:00:00+00:00,CONCACAF - Nations League A,Honduras,Suriname,1.641,3.75,5.56,2.22,1.6757
2026-09-26 00:36:54.458327+00:00,26/09/2026,1637040328,2026-09-26 01:00:00+00:00,Canada - Premier League,Cavalry,Supra du Quebec,1.641,3.61,5.23,1.5464,2.39
2026-09-26 00:36:54.458327+00:00,26/09/2026,1637040333,2026-09-26 01:30:00+00:00,Panama - Primera Division,Arabe Unido,Herrera,1.2778,5.23,9.77,1.7353,2.09
2026-09-26 00:36:54.458327+00:00,26/09/2026,1637040366,2026-09-26 05:00:00+00:00,Japan - J3 League,Renofa Yamaguchi,Sagamihara,2.02,3.4,3.32,1.8065,1.9901
2026-09-26 00:36:54.458327+00:00,26/09/2026,1637045445,2026-09-26 03:30:00+00:00,New Zealand - National League,Ferrymead Bays,Eastern Suburbs AFC,4.16,3.86,1.6849,1.6452,2.19
2026-09-26 00:36:54.458327+00:00,26/09/2026,1637045447,2026-09-26 04:00:00+00:00,Japan - Nadeshiko Division 2 Women,Diosa Izumo FC,Seisa Osa Rhea Shonan,1.9804,3.03,3.43,2.2,1.5814
2026-09-26 00:36:54.458327+00:00,26/09/2026,1637045448,2026-09-26 04:00:00+00:00,Japan - J3 League,Zweigen Kanazawa,Gainare Tottori,1.6536,3.77,4.51,1.7519,2.02
2026-09-26 00:36:54.458327+00:00,26/09/2026,1637045458,2026-09-26 05:30:00+00:00,Japan - Football League,TIAMO Hirakata,Vonds Ichihara,2.0,3.78,2.94,1.9009,1.8547
2026-09-26 00:36:54.458327+00:00,26/09/2026,1637045460,2026-09-26 06:00:00+00:00,Japan - Football League,Minebea Mitsumi,Veertien Mie,2.97,3.11,2.24,2.15,1.6452
2026-09-26 00:36:54.458327+00:00,26/09/2026,1637159122,2026-09-26 04:00:00+00:00,International - Friendlies Women,New Caledonia,Solomon Islands,6.04,4.52,1.289,1.5102,2.21
2026-09-26 00:36:54.458327+00:00,26/09/2026,1637165273,2026-09-26 02:00:00+00:00,Mexico - Liga TDP,Cordoba,Manta Rayas,1.06,9.48,14.76,,
2026-09-26 00:36:54.458327+00:00,26/09/2026,1637175394,2026-09-26 01:00:00+00:00,Peru - Liga 2,Carlos Mannucci,Universidad de San Martin,2.01,2.53,4.57,2.16,1.6289
2026-09-26 00:36:54.458327+00:00,26/09/2026,1637218409,2026-09-26 02:00:00+00:00,Costa Rica - Ascenso,Carmelita,AD Santa Ana,2.42,3.1,2.65,1.8333,1.9091
2026-09-26 00:36:54.458327+00:00,26/09/2026,1637221084,2026-09-26 06:00:00+00:00,Japan - Regional League,Baleine Shimonoseki,Mitsubishi Mizushima,1.9434,3.66,2.97,1.5618,2.2
2026-09-26 00:36:54.458327+00:00,26/09/2026,1637260718,2026-09-26 06:00:00+00:00,Asian Games U23,China,Thailand,1.9615,3.2,4.14,2.29,1.6369
2026-09-26 00:36:54.458327+00:00,26/09/2026,1637272134,2026-09-26 01:00:00+00:00,Mexico - Liga TDP,Cadereyta,Real San Cosme,1.083,9.32,13.92,,
2026-09-26 00:36:54.458327+00:00,26/09/2026,1637307527,2026-09-26 01:00:00+00:00,Mexico - Liga TDP,Grupo Sherwood,Marlines,2.72,3.23,2.3,1.6849,2.06
2026-09-26 00:36:54.458327+00:00,26/09/2026,1637312114,2026-09-26 02:00:00+00:00,Costa Rica - Primera Division Women,Saprissa,Dimas Escazu,1.3584,4.89,5.8,,
2026-09-26 07:36:58.203237+00:00,26/09/2026,1633393524,2026-09-26 09:00:00+00:00,Russia - First League,Chelyabinsk,Yenisey Krasnoyarsk,2.74,3.27,2.68,2.06,1.7752
2026-09-26 07:36:58.203237+00:00,26/09/2026,1637002795,2026-09-26 08:00:00+00:00,Czech Republic - U19 League,Hradec Kralove,Dukla Prague,1.5263,4.06,3.67,1.3571,2.53
2026-09-26 07:36:58.203237+00:00,26/09/2026,1637012397,2026-09-26 10:45:00+00:00,Czech Republic - U19 League,Pardubice,MFK Karvina,2.1,3.74,2.63,,
2026-09-26 07:36:58.203237+00:00,26/09/2026,1637012398,2026-09-26 08:30:00+00:00,Czech Republic - U19 League,SFC Opava,Slovacko,1.6993,4.01,3.17,,
2026-09-26 07:36:58.203237+00:00,26/09/2026,1637040402,2026-09-26 08:00:00+00:00,Japan - J2 League,Imabari,Shonan Bellmare,3.55,3.26,2.16,2.0,1.8475
2026-09-26 07:36:58.203237+00:00,26/09/2026,1637040403,2026-09-26 08:00:00+00:00,Japan - J2 League,Oita Trinita,Fujieda MYFC,2.7,3.04,2.85,2.44,1.565
2026-09-26 07:36:58.203237+00:00,26/09/2026,1637040404,2026-09-26 08:00:00+00:00,Japan - J3 League,Fukushima United,Nagano Parceiro,2.02,3.66,3.22,1.7752,2.03
2026-09-26 07:36:58.203237+00:00,26/09/2026,1637040405,2026-09-26 08:00:00+00:00,Japan - J3 League,Giravanz Kitakyushu,Kagoshima United,5.45,4.08,1.5405,1.813,2.01
2026-09-26 07:36:58.203237+00:00,26/09/2026,1637040406,2026-09-26 08:00:00+00:00,Japan - J2 League,Iwaki FC,Vegalta Sendai,4.13,3.54,1.8929,1.8621,1.9709
2026-09-26 07:36:58.203237+00:00,26/09/2026,1637040407,2026-09-26 08:00:00+00:00,Japan - J2 League,Jubilo Iwata,Vanraure Hachinohe,1.5263,3.87,6.98,2.08,1.7692
2026-09-26 07:36:58.203237+00:00,26/09/2026,1637040408,2026-09-26 08:00:00+00:00,Japan - J3 League,Tochigi SC,Matsumoto Yamaga,2.58,3.15,2.67,2.16,1.6897
2026-09-26 07:36:58.203237+00:00,26/09/2026,1637040409,2026-09-26 08:00:00+00:00,Japan - J3 League,Kochi United,FC Osaka,3.53,3.01,2.16,2.32,1.5988
2026-09-26 07:36:58.203237+00:00,26/09/2026,1637040410,2026-09-26 08:15:00+00:00,Czech Republic - 3. Liga,Povltavska FA,Motorlet Praha,3.75,3.74,1.6135,1.5682,2.25
2026-09-26 07:36:58.203237+00:00,26/09/2026,1637040411,2026-09-26 08:15:00+00:00,Czech Republic - 3. Liga,Benesov,Slavia Prague III,1.7353,3.95,3.81,1.5525,2.32
2026-09-26 07:36:58.203237+00:00,26/09/2026,1637040412,2026-09-26 08:15:00+00:00,Czech Republic - 3. Liga,Aritma Prague,Admira Prague,3.44,3.43,1.9615,1.813,1.9804
2026-09-26 07:36:58.203237+00:00,26/09/2026,1637040413,2026-09-26 08:15:00+00:00,Czech Republic - 3. Liga,Mlada Boleslav II,Varnsdorf,1.9434,3.67,3.27,1.5464,2.34
2026-09-26 07:36:58.203237+00:00,26/09/2026,1637045487,2026-09-26 08:00:00+00:00,Japan - J2 League,Montedio Yamagata,Sagan Tosu,2.93,3.29,2.47,1.9804,1.8547
2026-09-26 07:36:58.203237+00:00,26/09/2026,1637045488,2026-09-26 08:00:00+00:00,Japan - J3 League,Thespa Gunma,Roasso Kumamoto,3.17,3.59,2.07,1.7813,2.02
2026-09-26 07:36:58.203237+00:00,26/09/2026,1637045489,2026-09-26 08:00:00+00:00,Japan - J2 League,Omiya Ardija,Ventforet Kofu,1.4926,4.39,6.3,1.6993,2.18
2026-09-26 07:36:58.203237+00:00,26/09/2026,1637045490,2026-09-26 08:00:00+00:00,Japan - J2 League,Tegevajaro Miyazaki,Consadole Sapporo,1.9009,3.51,4.17,1.9346,1.9009
2026-09-26 07:36:58.203237+00:00,26/09/2026,1637045491,2026-09-26 08:00:00+00:00,Japan - J3 League,Ryukyu,Ehime,3.54,3.69,1.9009,1.5495,2.38
2026-09-26 07:36:58.203237+00:00,26/09/2026,1637045494,2026-09-26 08:15:00+00:00,Czech Republic - 3. Liga,Slovan Liberec II,Benatky Nad Jizerou,2.36,3.59,2.57,1.431,2.66
2026-09-26 07:36:58.203237+00:00,26/09/2026,1637045495,2026-09-26 08:15:00+00:00,Czech Republic - 3. Liga,Chrudim,Pardubice II,3.4,4.29,1.7692,1.4878,2.49
2026-09-26 07:36:58.203237+00:00,26/09/2026,1637045497,2026-09-26 08:30:00+00:00,Indonesia - Championship,PSGC Ciamis,Semen Padang,3.87,3.64,1.7246,2.11,1.6536
2026-09-26 07:36:58.203237+00:00,26/09/2026,1637045523,2026-09-26 09:00:00+00:00,Czech Republic - U19 League,Sigma Olomouc,Banik Ostrava,2.01,3.9,2.79,,
2026-09-26 07:36:58.203237+00:00,26/09/2026,1637045525,2026-09-26 09:00:00+00:00,Poland - 3rd Liga,Korona Kielce II,Wieczysta Krakow II,1.8197,3.98,3.21,,
2026-09-26 07:36:58.203237+00:00,26/09/2026,1637050716,2026-09-26 08:00:00+00:00,Japan - J2 League,Kataller Toyama,Yokohama FC,2.58,3.47,2.68,1.578,2.4
2026-09-26 07:36:58.203237+00:00,26/09/2026,1637050717,2026-09-26 08:00:00+00:00,Japan - J2 League,Blaublitz Akita,Albirex Niigata,2.36,3.05,3.35,2.44,1.5618
2026-09-26 07:36:58.203237+00:00,26/09/2026,1637050718,2026-09-26 08:00:00+00:00,Japan - J3 League,Kamatamare Sanuki,Gifu,3.64,3.26,2.01,1.7874,2.01
2026-09-26 07:36:58.203237+00:00,26/09/2026,1637050719,2026-09-26 08:00:00+00:00,Japan - J2 League,Tokushima Vortis,Tochigi City,2.56,3.37,2.76,1.8264,2.02
2026-09-26 07:36:58.203237+00:00,26/09/2026,1637050720,2026-09-26 08:00:00+00:00,Poland - U19 League,Legia Warsaw,Arkonia Szczecin,1.2079,5.8,8.55,,
2026-09-26 07:36:58.203237+00:00,26/09/2026,1637050721,2026-09-26 08:15:00+00:00,Czech Republic - 3. Liga,Loko Prague,Kraluv Dvur,2.57,3.86,2.26,1.4274,2.67
2026-09-26 07:36:58.203237+00:00,26/09/2026,1637050722,2026-09-26 08:15:00+00:00,Czech Republic - 3. Liga,Horni Redice,Teplice II,3.63,3.76,1.8197,1.6024,2.23
2026-09-26 07:36:58.203237+00:00,26/09/2026,1637050724,2026-09-26 08:30:00+00:00,Indonesia - Championship,Kendal Tornado,Barito Putera,2.08,3.13,2.97,2.15,1.5882
2026-09-26 07:36:58.203237+00:00,26/09/2026,1637050739,2026-09-26 09:00:00+00:00,Czech Republic - 1. Liga Women,Banik Ostrava,Slovan Liberec,8.87,6.62,1.1739,,
2026-09-26 07:36:58.203237+00:00,26/09/2026,1637050740,2026-09-26 09:00:00+00:00,FIFA - ASEAN Cup Division 1,Pakistan,Thailand,13.47,9.44,1.133,,
2026-09-26 07:36:58.203237+00:00,26/09/2026,1637050778,2026-09-26 10:00:00+00:00,Spain - Primera Division Women,FC Badalona,Granada,1.5988,3.4,3.95,1.8065,1.7937
2026-09-26 07:36:58.203237+00:00,26/09/2026,1637050779,2026-09-26 10:00:00+00:00,Poland - 3rd Liga,Polonia Sroda Wielkopolska,Elana Torun,1.4695,4.29,4.68,1.3584,2.77
2026-09-26 07:36:58.203237+00:00,26/09/2026,1637050780,2026-09-26 10:00:00+00:00,Poland - 3rd Liga,KTS-K Luzino,Notec Czarnkow,1.3077,4.92,6.29,,
2026-09-26 07:36:58.203237+00:00,26/09/2026,1637050781,2026-09-26 10:00:00+00:00,Poland - 3rd Liga,Miedz Legnica II,Sparta Katowice,2.17,3.51,2.64,1.5348,2.26
2026-09-26 07:36:58.203237+00:00,26/09/2026,1637050782,2026-09-26 10:00:00+00:00,Poland - U19 League,Slask Wroclaw,Stal Rzeszow,1.7576,3.54,3.65,1.5714,2.18
2026-09-26 07:36:58.203237+00:00,26/09/2026,1637050785,2026-09-26 10:00:00+00:00,Portugal - Nacional Championship Women,Valadares Gaia,Rio Ave,2.23,3.17,2.94,2.29,1.5714
2026-09-26 07:36:58.203237+00:00,26/09/2026,1637050793,2026-09-26 10:30:00+00:00,Italy - Serie A Women,Juventus,Napoli,1.3984,4.61,6.25,1.6494,2.18
2026-09-26 07:36:58.203237+00:00,26/09/2026,1637053166,2026-09-26 10:00:00+00:00,Spain - Primera Division Women,Real Sociedad,Real Madrid,4.45,3.78,1.6579,1.6667,2.15
2026-09-26 07:36:58.203237+00:00,26/09/2026,1637053167,2026-09-26 10:00:00+00:00,Poland - Ekstraliga Women,UKS SMS Lodz,Pogon Szczecin,4.17,4.04,1.565,1.3984,2.63
2026-09-26 07:36:58.203237+00:00,26/09/2026,1637064545,2026-09-26 09:30:00+00:00,Finland - Kansallinen Women,Gnistan,Ilves,3.04,3.89,1.9009,1.3774,2.7
2026-09-26 07:36:58.203237+00:00,26/09/2026,1637064550,2026-09-26 10:00:00+00:00,Spain - Primera Federacion Women,Osasuna,Barcelona II,2.21,3.44,2.62,1.7813,1.9346
2026-09-26 07:36:58.203237+00:00,26/09/2026,1637064576,2026-09-26 10:00:00+00:00,Spain - Primera Federacion,Extremadura,Zamora CF,2.25,2.8,3.44,2.35,1.5435
2026-09-26 07:36:58.203237+00:00,26/09/2026,1637064605,2026-09-26 08:30:00+00:00,Indonesia - Championship,Sumsel United,PSPS Pekanbaru,2.14,3.19,3.01,1.8547,1.885
2026-09-26 07:36:58.203237+00:00,26/09/2026,1637165018,2026-09-26 10:00:00+00:00,Finland - Kolmonen,SibboV,FC Lahti 69,1.2717,6.47,5.19,,
2026-09-26 07:36:58.203237+00:00,26/09/2026,1637165256,2026-09-26 10:00:00+00:00,Spain - Tercera Division,Villarreal III,Levante II,2.18,3.0,3.2,2.0,1.7692
2026-09-26 07:36:58.203237+00:00,26/09/2026,1637165274,2026-09-26 10:30:00+00:00,Sweden - Division 2,Helges,Gute,3.73,3.98,1.6452,,
2026-09-26 07:36:58.203237+00:00,26/09/2026,1637165298,2026-09-26 10:00:00+00:00,Spain - Tercera Division,Aretxabaleta,Derio,2.78,3.02,2.42,1.9615,1.8
2026-09-26 07:36:58.203237+00:00,26/09/2026,1637178790,2026-09-26 08:30:00+00:00,Czech Republic - 4. Liga,Prostejov II,Slavicin,2.11,3.86,2.64,1.4405,2.55
2026-09-26 07:36:58.203237+00:00,26/09/2026,1637181748,2026-09-26 08:15:00+00:00,Czech Republic - 4. Liga,Slavia Hradec Kralove,Chlumec Nad Cidlinou,2.54,3.65,2.25,1.3937,2.7
2026-09-26 07:36:58.203237+00:00,26/09/2026,1637181750,2026-09-26 08:15:00+00:00,Czech Republic - 4. Liga,Banik Sokolov,Ostrov,1.3774,4.65,5.79,,
2026-09-26 07:36:58.203237+00:00,26/09/2026,1637181780,2026-09-26 08:15:00+00:00,Czech Republic - 4. Liga,Krimice,Jiskra Domazlice II,1.119,7.52,12.13,,
2026-09-26 07:36:58.203237+00:00,26/09/2026,1637181788,2026-09-26 09:00:00+00:00,Switzerland - U19 Elite,FC Winterthur,Basel,2.34,4.17,2.25,,
2026-09-26 07:36:58.203237+00:00,26/09/2026,1637181789,2026-09-26 09:30:00+00:00,Estonia - Meistriliiga Women,Viimsi JK,Harju JK Laagri,1.4505,5.1,4.4,,
2026-09-26 07:36:58.203237+00:00,26/09/2026,1637181800,2026-09-26 10:00:00+00:00,Denmark - Denmark Series,Holstebro,Viby,2.19,4.7,2.2,1.3906,2.65
2026-09-26 07:36:58.203237+00:00,26/09/2026,1637183912,2026-09-26 09:00:00+00:00,Denmark - Division 2 Women,Ballerup-Skovlunde Fodbold,BK Fremad Valby,1.3521,5.02,5.75,1.4184,2.62
2026-09-26 07:36:58.203237+00:00,26/09/2026,1637183922,2026-09-26 08:30:00+00:00,Czech Republic - 4. Liga,Usti nad Labem II,Ujezd Praha 4,3.01,3.66,1.9709,,
2026-09-26 07:36:58.203237+00:00,26/09/2026,1637183965,2026-09-26 09:30:00+00:00,Netherlands - U21 Divisie,Alphense Boys,Quick Boys,2.99,5.1,1.7194,,
2026-09-26 07:36:58.203237+00:00,26/09/2026,1637183982,2026-09-26 10:15:00+00:00,Netherlands - U21 Divisie,RKVV DEM Beverwijk,Emmen,4.16,4.21,1.5405,,
2026-09-26 07:36:58.203237+00:00,26/09/2026,1637183983,2026-09-26 10:00:00+00:00,Netherlands - U21 Divisie,IJsselmeervogels,AFC 34,2.11,4.64,2.3,,
2026-09-26 07:36:58.203237+00:00,26/09/2026,1637185136,2026-09-26 08:00:00+00:00,South Africa - Diski Challenge U23,Siwelele,Sekhukhune United,2.09,3.15,3.17,1.9524,1.7937
2026-09-26 07:36:58.203237+00:00,26/09/2026,1637185137,2026-09-26 08:15:00+00:00,Czech Republic - 4. Liga,Steti,Slany,2.52,3.73,2.24,1.4673,2.46
2026-09-26 07:36:58.203237+00:00,26/09/2026,1637194822,2026-09-26 10:30:00+00:00,Finland - Kolmonen,PIF,MaPS,1.7813,3.7,3.39,1.3953,2.63
2026-09-26 07:36:58.203237+00:00,26/09/2026,1637220982,2026-09-26 09:00:00+00:00,Italy - Primavera 3 U19,Arezzo,Sorrento,2.5,3.73,2.25,1.5376,2.29
2026-09-26 07:36:58.203237+00:00,26/09/2026,1637221109,2026-09-26 10:15:00+00:00,Spain - Tercera Division,Huesca II,Fraga,2.05,3.14,3.36,2.01,1.7634
2026-09-26 07:36:58.203237+00:00,26/09/2026,1637260719,2026-09-26 10:30:00+00:00,Asian Games U23,Japan,North Korea,1.134,6.63,11.71,1.4115,2.58
2026-09-26 07:36:58.203237+00:00,26/09/2026,1637265129,2026-09-26 10:00:00+00:00,Netherlands - U21 Divisie,Vitesse Arnhem,Fortuna Sittard,1.5618,4.14,4.08,,
2026-09-26 07:36:58.203237+00:00,26/09/2026,1637269467,2026-09-26 09:00:00+00:00,Ukraine - Persha Liga,Inhulets Petrove,Prykarpattya Ivano-Frankivsk,2.6,3.17,2.43,1.9901,1.7634
2026-09-26 07:36:58.203237+00:00,26/09/2026,1637277941,2026-09-26 08:00:00+00:00,Club Friendlies,Sepsi,Gloria Bistrita,1.4785,4.16,5.08,1.5848,2.2
2026-09-26 07:36:58.203237+00:00,26/09/2026,1637307572,2026-09-26 09:00:00+00:00,Japan - Regional League,Variamore Aki,ENEOS Mizushima,1.4292,4.22,4.73,1.3663,2.63
2026-09-26 07:36:58.203237+00:00,26/09/2026,1637312126,2026-09-26 10:00:00+00:00,Ukraine - Persha Liga,UCSA Tarasivka,Viktoriya Sumy,2.95,3.2,2.11,1.9346,1.7874
2026-09-26 07:36:58.203237+00:00,26/09/2026,1637312268,2026-09-26 10:00:00+00:00,Club Friendlies,Cherno More,Dunav Ruse,1.6803,3.62,3.91,1.5952,2.18
2026-09-26 07:36:58.203237+00:00,26/09/2026,1637312286,2026-09-26 10:00:00+00:00,Denmark - Denmark Series,Glostrup,Nerashte Ballerup,1.3247,6.96,4.25,,
2026-09-26 07:36:58.203237+00:00,26/09/2026,1637329071,2026-09-26 10:00:00+00:00,Spain - Tercera Division,Real Union de Tenerife,Panaderia Pulido,2.23,3.04,3.05,2.13,1.6536
2026-09-26 10:57:53.885884+00:00,26/09/2026,1633385189,2026-09-26 11:30:00+00:00,Russia - First League,Spartak Kostroma,Ural Yekaterinburg,3.6,3.23,2.19,2.32,1.625
2026-09-26 10:57:53.885884+00:00,26/09/2026,1633393523,2026-09-26 13:00:00+00:00,Russia - First League,Volga Ulyanovsk,Leningradets,1.6993,4.0,4.77,1.7692,2.07
2026-09-26 10:57:53.885884+00:00,27/09/2026,1633401538,2026-09-27 14:00:00+00:00,Russia - First League,Shinnik Yaroslavl,SKA-Khabarovsk,1.8,3.75,4.14,2.08,1.7407
2026-09-26 10:57:53.885884+00:00,26/09/2026,1636333033,2026-09-26 18:45:00+00:00,UEFA - Nations League A,Czechia,Croatia,3.7,3.59,2.06,1.8403,2.06
2026-09-26 10:57:53.885884+00:00,26/09/2026,1636346499,2026-09-26 18:45:00+00:00,UEFA - Nations League A,England,Spain,3.54,3.46,2.16,1.7519,2.14
2026-09-26 10:57:53.885884+00:00,26/09/2026,1636346506,2026-09-26 13:00:00+00:00,UEFA - Nations League B,Slovenia,Scotland,2.73,3.1,2.91,2.49,1.5682
2026-09-26 10:57:53.885884+00:00,26/09/2026,1636346507,2026-09-26 18:45:00+00:00,UEFA - Nations League B,North Macedonia,Switzerland,9.49,5.09,1.3571,1.8547,2.04
2026-09-26 10:57:53.885884+00:00,26/09/2026,1636455000,2026-09-26 14:00:00+00:00,England - National League,Carlisle United,Woking,1.6452,4.22,4.75,1.5747,2.41
2026-09-26 10:57:53.885884+00:00,26/09/2026,1636455001,2026-09-26 14:00:00+00:00,England - National League,Southend United,Barrow,1.7194,4.15,4.31,1.5952,2.36
2026-09-26 10:57:53.885884+00:00,26/09/2026,1636455002,2026-09-26 14:00:00+00:00,England - National League,Kidderminster Harriers,Yeovil Town,2.09,3.57,3.42,1.9174,1.9174
2026-09-26 10:57:53.885884+00:00,26/09/2026,1636455003,2026-09-26 14:00:00+00:00,England - National League,Aldershot Town,Tamworth,2.48,3.84,2.59,1.5405,2.5
2026-09-26 10:57:53.885884+00:00,26/09/2026,1636463804,2026-09-26 14:00:00+00:00,England - National League,Worthing,Halifax Town,2.2,3.65,3.11,1.6098,2.33
2026-09-26 10:57:53.885884+00:00,26/09/2026,1636463805,2026-09-26 14:00:00+00:00,England - National League,Wealdstone,Gateshead,1.7299,3.92,4.52,1.7299,2.13
2026-09-26 10:57:53.885884+00:00,26/09/2026,1636463873,2026-09-26 14:00:00+00:00,England - National League,Sutton United,Forest Green Rovers,2.74,3.35,2.59,1.8772,1.9615
2026-09-26 10:57:53.885884+00:00,26/09/2026,1636463874,2026-09-26 14:00:00+00:00,England - National League,Boston United,AFC Fylde,2.51,3.85,2.55,1.4785,2.65
2026-09-26 10:57:53.885884+00:00,26/09/2026,1636463875,2026-09-26 14:00:00+00:00,England - National League,Scunthorpe United,Hartlepool United,2.12,3.83,3.14,1.6211,2.31
2026-09-26 10:57:53.885884+00:00,26/09/2026,1636463876,2026-09-26 14:00:00+00:00,England - National League,Solihull Moors,Boreham Wood,4.09,4.18,1.6369,1.3247,3.01
2026-09-26 10:57:53.885884+00:00,26/09/2026,1636463877,2026-09-26 14:00:00+00:00,England - National League,Harrogate Town,Eastleigh,1.6024,4.14,5.29,1.6711,2.23
2026-09-26 10:57:53.885884+00:00,26/09/2026,1636463878,2026-09-26 14:00:00+00:00,England - National League,Altrincham,Hornchurch,2.14,3.62,3.24,1.7519,2.1
2026-09-26 10:57:53.885884+00:00,26/09/2026,1636463933,2026-09-26 15:00:00+00:00,UEFA - U21 Euro Championship Qualifiers,Georgia,Greece,4.29,3.78,1.8,1.8929,1.9434
2026-09-26 10:57:53.885884+00:00,26/09/2026,1636463934,2026-09-26 16:00:00+00:00,UEFA - U21 Euro Championship Qualifiers,Latvia,Germany,25.7,14.04,1.061,,
2026-09-26 10:57:53.885884+00:00,26/09/2026,1636480685,2026-09-26 16:00:00+00:00,UEFA - U21 Euro Championship Qualifiers,Ukraine,Turkiye,2.33,3.57,2.94,1.8333,2.01
2026-09-26 10:57:53.885884+00:00,26/09/2026,1636480686,2026-09-26 17:00:00+00:00,UEFA - U21 Euro Championship Qualifiers,Malta,Northern Ireland,10.73,6.47,1.2268,1.5181,2.52
2026-09-26 10:57:53.885884+00:00,26/09/2026,1636483858,2026-09-26 15:00:00+00:00,UEFA - U21 Euro Championship Qualifiers,Croatia,Hungary,1.2681,5.84,10.26,1.5988,2.35
2026-09-26 10:57:53.885884+00:00,27/09/2026,1636486552,2026-09-27 01:00:00+00:00,International - Friendlies,Mexico,Colombia,2.63,3.17,2.78,2.1,1.7246
2026-09-26 10:57:53.885884+00:00,26/09/2026,1636498176,2026-09-26 20:30:00+00:00,International - Friendlies,USA,Peru,1.495,4.42,6.16,1.9259,1.9091
2026-09-26 10:57:53.885884+00:00,26/09/2026,1636506194,2026-09-26 14:00:00+00:00,Portugal - U19 Championship,Vizela,Academico Viseu,2.14,3.37,2.77,1.7634,1.9524
2026-09-26 10:57:53.885884+00:00,27/09/2026,1636532701,2026-09-26 23:00:00+00:00,International - Friendlies,Canada,Chile,1.6711,3.76,5.08,2.0,1.8264
2026-09-26 10:57:53.885884+00:00,27/09/2026,1636537531,2026-09-27 11:35:00+00:00,International - Friendlies,China,New Zealand,2.64,3.63,2.43,1.9804,1.813
2026-09-26 10:57:53.885884+00:00,27/09/2026,1636578464,2026-09-27 20:30:00+00:00,International - Friendlies,Bolivia,Paraguay,6.54,4.65,1.4132,1.7092,2.1
2026-09-26 10:57:53.885884+00:00,28/09/2026,1636592249,2026-09-28 10:25:00+00:00,International - Friendlies,Japan,Venezuela,1.3096,4.99,8.9,1.7634,2.01
2026-09-26 10:57:53.885884+00:00,28/09/2026,1636598067,2026-09-28 11:00:00+00:00,International - Friendlies,South Korea,Uruguay,2.36,3.38,2.89,2.3,1.5848
2026-09-26 10:57:53.885884+00:00,29/09/2026,1636663144,2026-09-29 10:00:00+00:00,International - Friendlies,Australia,Brazil,8.63,5.49,1.2747,1.4444,2.62
2026-09-26 10:57:53.885884+00:00,27/09/2026,1636812479,2026-09-27 17:00:00+00:00,International - Friendlies,Jordan,Syria,1.5263,3.89,6.16,2.09,1.7042
2026-09-26 10:57:53.885884+00:00,27/09/2026,1636816690,2026-09-27 01:20:00+00:00,Colombia - Primera A,Junior de Barranquilla,Independiente Medellin,2.27,3.37,3.17,1.8547,1.9709
2026-09-26 10:57:53.885884+00:00,27/09/2026,1636816733,2026-09-26 21:00:00+00:00,Colombia - Primera A,Deportivo Pereira,Inter Bogota,3.24,3.44,2.22,2.12,1.7407
2026-09-26 10:57:53.885884+00:00,27/09/2026,1636816759,2026-09-26 23:15:00+00:00,Colombia - Primera A,Cucuta Deportivo,Llaneros,2.37,3.23,3.1,2.22,1.6623
2026-09-26 10:57:53.885884+00:00,27/09/2026,1636866517,2026-09-27 16:00:00+00:00,UEFA - Nations League A,Denmark,Wales,1.4608,4.68,7.16,1.7874,2.09
2026-09-26 10:57:53.885884+00:00,27/09/2026,1636866533,2026-09-26 23:30:00+00:00,USA - Major League Soccer,Atlanta United,New York City,2.31,3.72,2.96,1.6623,2.29
2026-09-26 10:57:53.885884+00:00,27/09/2026,1636866534,2026-09-26 23:30:00+00:00,USA - Major League Soccer,Charlotte FC,Chicago Fire,2.18,3.99,3.04,1.4695,2.74
2026-09-26 10:57:53.885884+00:00,27/09/2026,1636866535,2026-09-26 23:30:00+00:00,USA - Major League Soccer,Philadelphia Union,Orlando City,1.4854,5.18,5.63,1.2874,3.72
2026-09-26 10:57:53.885884+00:00,27/09/2026,1636866536,2026-09-27 00:30:00+00:00,USA - Major League Soccer,Austin FC,San Diego FC,2.48,3.62,2.79,1.6329,2.34
2026-09-26 10:57:53.885884+00:00,27/09/2026,1636866537,2026-09-27 00:30:00+00:00,USA - Major League Soccer,Houston Dynamo,Sporting Kansas City,1.5988,4.43,5.21,1.625,2.35
2026-09-26 10:57:53.885884+00:00,27/09/2026,1636866540,2026-09-27 00:30:00+00:00,USA - Major League Soccer,Nashville SC,Toronto FC,1.431,5.13,6.61,1.4831,2.7
2026-09-26 10:57:53.885884+00:00,27/09/2026,1636866541,2026-09-27 00:30:00+00:00,USA - Major League Soccer,Seattle Sounders,Minnesota United,2.28,3.79,2.97,1.5682,2.48
2026-09-26 10:57:53.885884+00:00,27/09/2026,1636866900,2026-09-27 16:00:00+00:00,UEFA - Nations League A,Serbia,Netherlands,7.55,5.09,1.4098,1.6329,2.35
2026-09-26 10:57:53.885884+00:00,28/09/2026,1636866901,2026-09-28 18:45:00+00:00,UEFA - Nations League A,Turkiye,Italy,2.73,3.48,2.64,1.7752,2.11
2026-09-26 10:57:53.885884+00:00,27/09/2026,1636866902,2026-09-27 18:45:00+00:00,UEFA - Nations League A,Norway,Portugal,2.51,3.87,2.65,1.4878,2.7
2026-09-26 10:57:53.885884+00:00,27/09/2026,1636866919,2026-09-27 02:30:00+00:00,USA - Major League Soccer,Los Angeles Galaxy,Colorado Rapids,2.23,3.95,2.96,1.5682,2.48
2026-09-26 10:57:53.885884+00:00,27/09/2026,1636866923,2026-09-27 02:30:00+00:00,USA - Major League Soccer,Vancouver Whitecaps,D.C. United,1.2591,6.67,10.0,1.4016,3.01
2026-09-26 10:57:53.885884+00:00,28/09/2026,1636866925,2026-09-27 23:00:00+00:00,USA - Major League Soccer,Columbus Crew,Inter Miami,2.84,4.07,2.21,1.3584,3.13
2026-09-26 10:57:53.885884+00:00,26/09/2026,1636866932,2026-09-26 16:00:00+00:00,UEFA - Nations League C,Faroe Islands,Kazakhstan,2.28,3.27,3.39,2.25,1.6711
2026-09-26 10:57:53.885884+00:00,27/09/2026,1636866934,2026-09-27 16:00:00+00:00,UEFA - Nations League D,Gibraltar,Andorra,3.52,2.87,2.31,3.21,1.3247
2026-09-26 10:57:53.885884+00:00,27/09/2026,1636866935,2026-09-27 16:00:00+00:00,UEFA - Nations League B,Austria,Kosovo,1.5495,4.24,5.73,1.8403,2.02
2026-09-26 10:57:53.885884+00:00,27/09/2026,1636866936,2026-09-27 18:45:00+00:00,UEFA - Nations League B,Israel,Ireland,2.87,3.03,2.7,2.08,1.7634
2026-09-26 10:57:53.885884+00:00,28/09/2026,1636866937,2026-09-28 18:45:00+00:00,UEFA - Nations League B,Romania,Bosnia and Herzegovina,2.18,3.37,3.39,2.04,1.813
2026-09-26 10:57:53.885884+00:00,27/09/2026,1636867941,2026-09-27 18:45:00+00:00,UEFA - Nations League A,Germany,Greece,1.4167,5.26,7.0,1.4926,2.68
2026-09-26 10:57:53.885884+00:00,28/09/2026,1636867946,2026-09-28 18:45:00+00:00,UEFA - Nations League A,Belgium,France,3.69,4.11,1.9174,1.5236,2.62
2026-09-26 10:57:53.885884+00:00,27/09/2026,1636867956,2026-09-26 23:30:00+00:00,USA - Major League Soccer,CF Montreal,FC Cincinnati,2.75,3.85,2.4,1.463,2.77
2026-09-26 10:57:53.885884+00:00,27/09/2026,1636867957,2026-09-26 23:30:00+00:00,USA - Major League Soccer,New York Red Bulls,St Louis City SC,3.72,4.2,1.8696,1.4202,2.92
2026-09-26 10:57:53.885884+00:00,27/09/2026,1636867959,2026-09-27 00:30:00+00:00,USA - Major League Soccer,FC Dallas,Los Angeles FC,2.3,3.75,2.96,1.6494,2.3
2026-09-26 10:57:53.885884+00:00,27/09/2026,1636867962,2026-09-27 01:30:00+00:00,USA - Major League Soccer,Real Salt Lake,New England Revolution,2.53,3.86,2.6,1.5917,2.43
2026-09-26 10:57:53.885884+00:00,27/09/2026,1636867966,2026-09-27 02:30:00+00:00,USA - Major League Soccer,San Jose Earthquakes,Portland Timbers,1.9615,4.0,3.55,1.4032,3.0
2026-09-26 10:57:53.885884+00:00,26/09/2026,1636867975,2026-09-26 18:45:00+00:00,UEFA - Nations League C,Slovakia,Moldova,1.152,8.1,20.3,1.5988,2.39
2026-09-26 10:57:53.885884+00:00,27/09/2026,1636867976,2026-09-27 13:00:00+00:00,UEFA - Nations League D,Lithuania,Azerbaijan,2.48,2.93,3.12,2.59,1.4808
2026-09-26 10:57:53.885884+00:00,28/09/2026,1636867977,2026-09-28 18:45:00+00:00,UEFA - Nations League B,Sweden,Poland,1.9091,3.82,3.76,1.6897,2.18
2026-09-26 10:57:53.885884+00:00,28/09/2026,1636867978,2026-09-28 16:00:00+00:00,UEFA - Nations League C,Latvia,Cyprus,2.55,3.32,2.77,2.16,1.6849
2026-09-26 10:57:53.885884+00:00,26/09/2026,1636868412,2026-09-26 16:00:00+00:00,UEFA - Nations League C,Bulgaria,Luxembourg,2.36,2.98,3.58,2.89,1.4255
2026-09-26 10:57:53.885884+00:00,26/09/2026,1636868413,2026-09-26 16:00:00+00:00,UEFA - Nations League C,Iceland,Estonia,1.2747,5.85,11.22,1.7246,2.16
2026-09-26 10:57:53.885884+00:00,26/09/2026,1636868414,2026-09-26 18:45:00+00:00,UEFA - Nations League C,Albania,Belarus,1.5952,3.97,6.05,2.1,1.7634
2026-09-26 10:57:53.885884+00:00,28/09/2026,1636868415,2026-09-28 18:45:00+00:00,UEFA - Nations League B,Northern Ireland,Hungary,2.92,2.95,2.72,2.59,1.5025
2026-09-26 10:57:53.885884+00:00,28/09/2026,1636868416,2026-09-28 16:00:00+00:00,UEFA - Nations League C,Armenia,Montenegro,2.75,3.05,2.75,2.27,1.625
2026-09-26 10:57:53.885884+00:00,28/09/2026,1636887066,2026-09-27 23:05:00+00:00,Colombia - Primera A,Fortaleza CEIF,Deportes Tolima,3.19,3.24,2.28,2.14,1.6849
2026-09-26 10:57:53.885884+00:00,28/09/2026,1636896127,2026-09-27 21:00:00+00:00,Colombia - Primera A,Jaguares de Cordoba,Alianza Valledupar,2.25,3.09,3.39,2.23,1.6494
2026-09-26 10:57:53.885884+00:00,28/09/2026,1636918709,2026-09-28 01:10:00+00:00,Colombia - Primera A,Deportivo Cali,Aguilas Doradas,1.8,3.33,4.74,2.22,1.641
2026-09-26 10:57:53.885884+00:00,27/09/2026,1636963270,2026-09-27 09:30:00+00:00,Russia - First League,Ufa,Torpedo Moscow,4.04,3.32,1.9901,2.35,1.5988
2026-09-26 10:57:53.885884+00:00,26/09/2026,1636963352,2026-09-26 14:00:00+00:00,England - League 1,Cambridge United,AFC Wimbledon,1.8621,3.62,4.4,2.07,1.8
2026-09-26 10:57:53.885884+00:00,26/09/2026,1636986820,2026-09-26 14:00:00+00:00,England - League 1,Plymouth Argyle,Burton Albion,1.565,4.48,5.53,1.6289,2.34
2026-09-26 10:57:53.885884+00:00,26/09/2026,1636986822,2026-09-26 14:00:00+00:00,Northern Ireland - Premiership,Limavady United,Cliftonville,3.29,4.32,1.9346,1.6623,2.24
2026-09-26 10:57:53.885884+00:00,26/09/2026,1637002797,2026-09-26 14:00:00+00:00,Northern Ireland - Premiership,Crusaders,Bangor,1.9524,4.05,3.43,1.6993,2.18
2026-09-26 10:57:53.885884+00:00,26/09/2026,1637002798,2026-09-26 18:30:00+00:00,Ireland - Division 1,Longford Town,Cork City,4.13,4.17,1.7519,1.5495,2.47
2026-09-26 10:57:53.885884+00:00,26/09/2026,1637002799,2026-09-26 14:00:00+00:00,England - League 1,Wycombe Wanderers,Reading,2.59,3.63,2.66,1.6803,2.26
2026-09-26 10:57:53.885884+00:00,26/09/2026,1637002824,2026-09-26 14:00:00+00:00,England - League 1,Stockport County,Peterborough United,1.3401,5.74,8.04,1.3663,3.19
2026-09-26 10:57:53.885884+00:00,26/09/2026,1637012395,2026-09-26 14:00:00+00:00,Northern Ireland - Premiership,Ballymena United,Portadown,1.6944,4.1,4.54,1.6711,2.23
2026-09-26 10:57:53.885884+00:00,26/09/2026,1637012403,2026-09-26 14:00:00+00:00,Northern Ireland - Premiership,Glentoran,Carrick Rangers,1.8547,4.16,3.66,1.6211,2.31
2026-09-26 10:57:53.885884+00:00,27/09/2026,1637012457,2026-09-26 22:50:00+00:00,Mexico - Liga MX,Cruz Azul,Deportivo Toluca,2.72,3.42,2.67,1.6024,2.42
2026-09-26 10:57:53.885884+00:00,28/09/2026,1637012466,2026-09-27 21:00:00+00:00,El Salvador - Primera Division,Alianza,Inca,1.4902,3.96,5.94,1.8,1.9901
2026-09-26 10:57:53.885884+00:00,26/09/2026,1637045496,2026-09-26 14:30:00+00:00,Czech Republic - 3. Liga,Velke Hamry,Sokol Brozany,2.74,3.66,2.14,1.5682,2.25
2026-09-26 10:57:53.885884+00:00,26/09/2026,1637050798,2026-09-26 11:00:00+00:00,Sweden - Division 1 Sodra,Trollhattan,Tvaakers,1.5952,4.59,4.28,1.4292,2.73
2026-09-26 10:57:53.885884+00:00,26/09/2026,1637050800,2026-09-26 11:00:00+00:00,Norway - 3rd Division,Ready Fotball,SF Grei,1.25,6.18,6.36,,
2026-09-26 10:57:53.885884+00:00,26/09/2026,1637050801,2026-09-26 11:00:00+00:00,Norway - Toppserien Women,Haugesund,LSK,1.9009,3.97,3.33,1.5155,2.47
2026-09-26 10:57:53.885884+00:00,26/09/2026,1637050803,2026-09-26 11:00:00+00:00,Portugal - U19 Championship,Santa Clara,Alverca,1.5618,3.84,4.73,1.9434,1.8065
2026-09-26 10:57:53.885884+00:00,26/09/2026,1637050804,2026-09-26 11:00:00+00:00,Sweden - Division 1 Sodra,Rosengaard,Hassleholms,1.6849,4.14,4.1,1.6024,2.27
2026-09-26 10:57:53.885884+00:00,26/09/2026,1637053191,2026-09-26 11:00:00+00:00,Sweden - Elitettan Women,Enskede,KIF Orebro,10.54,5.6,1.189,1.463,2.45
2026-09-26 10:57:53.885884+00:00,26/09/2026,1637053192,2026-09-26 11:00:00+00:00,Poland - 3rd Liga,CK Troszyn,LKS Lodz II,2.18,3.5,2.73,1.4762,2.44
2026-09-26 10:57:53.885884+00:00,26/09/2026,1637053193,2026-09-26 11:00:00+00:00,Norway - Toppserien Women,Lyn,Honefoss,1.6897,3.93,4.3,1.6024,2.27
2026-09-26 10:57:53.885884+00:00,26/09/2026,1637053194,2026-09-26 11:00:00+00:00,Norway - 3rd Division,Konnerud,KFUM Oslo II,3.5,4.56,1.6452,,
2026-09-26 10:57:53.885884+00:00,26/09/2026,1637053195,2026-09-26 11:00:00+00:00,Norway - 3rd Division,Heming,Ullern,1.3584,6.38,4.4,,
2026-09-26 10:57:53.885884+00:00,26/09/2026,1637053196,2026-09-26 11:00:00+00:00,Estonia - Esiliiga B,Viljandi JK Tulevik,FA Tartu Kalev,1.7143,4.63,3.19,,
2026-09-26 10:57:53.885884+00:00,26/09/2026,1637053198,2026-09-26 11:00:00+00:00,Norway - Toppserien Women,Molde,Valerenga,7.41,5.96,1.2907,1.3676,2.91
2026-09-26 10:57:53.885884+00:00,26/09/2026,1637053200,2026-09-26 11:00:00+00:00,Denmark - Elitedivisionen Women,Brondby,ASA Aarhus,1.09,9.96,15.05,,
2026-09-26 10:57:53.885884+00:00,26/09/2026,1637053201,2026-09-26 11:00:00+00:00,Denmark - Elitedivisionen Women,Fortuna Hjorring,FC Nordsjaelland,4.08,4.18,1.6452,1.4673,2.55
2026-09-26 10:57:53.885884+00:00,26/09/2026,1637053203,2026-09-26 11:00:00+00:00,Sweden - Elitettan Women,IFK Goteborg,Elfsborg,1.9615,3.43,3.21,1.6494,2.12
2026-09-26 10:57:53.885884+00:00,26/09/2026,1637053204,2026-09-26 11:00:00+00:00,England - Women Super League 2,Burnley,Bristol City,4.24,4.06,1.6369,1.5,2.46
2026-09-26 10:57:53.885884+00:00,26/09/2026,1637053205,2026-09-26 11:00:00+00:00,Finland - Kakkonen Group A,PuiU,Union Plaani,1.9009,3.45,3.63,1.4444,2.61
2026-09-26 10:57:53.885884+00:00,26/09/2026,1637053215,2026-09-26 12:00:00+00:00,Denmark - 3rd Division,Frem,Sundby,1.7143,3.87,3.98,1.5208,2.4
2026-09-26 10:57:53.885884+00:00,26/09/2026,1637053216,2026-09-26 12:00:00+00:00,Norway - 1st Division Women,Klepp,Bryne,3.37,4.6,1.7299,,
2026-09-26 10:57:53.885884+00:00,26/09/2026,1637053217,2026-09-26 12:00:00+00:00,Denmark - 2nd Division,Brabrand,Nykobing,5.15,3.65,1.641,1.495,2.52
2026-09-26 10:57:53.885884+00:00,26/09/2026,1637053218,2026-09-26 12:00:00+00:00,Norway - 3rd Division,Byasen,Orkla,1.3257,7.35,4.37,,
2026-09-26 10:57:53.885884+00:00,26/09/2026,1637053219,2026-09-26 12:00:00+00:00,Germany - Regionalliga South West,Steinbach Haiger,FC 08 Homburg,2.8,3.74,2.2,,
2026-09-26 10:57:53.885884+00:00,26/09/2026,1637064570,2026-09-26 11:00:00+00:00,Norway - 2nd Division,Sotra,Pors Grenland,1.3636,4.94,7.06,1.5128,2.47
2026-09-26 10:57:53.885884+00:00,26/09/2026,1637064571,2026-09-26 11:00:00+00:00,Denmark - 3rd Division,Ringsted,Naesby,3.46,3.86,1.8403,,
2026-09-26 10:57:53.885884+00:00,26/09/2026,1637064573,2026-09-26 11:00:00+00:00,Denmark - Elitedivisionen Women,HB Koge,Kolding,1.056,13.02,13.92,,
2026-09-26 10:57:53.885884+00:00,26/09/2026,1637064574,2026-09-26 11:00:00+00:00,Sweden - Damallsvenskan,Kristianstads,Vittsjo GIK,1.6173,3.99,4.76,1.5848,2.3
2026-09-26 10:57:53.885884+00:00,26/09/2026,1637064583,2026-09-26 11:30:00+00:00,Belgium - Super League Women,Anderlecht,RAAL La Louviere,1.2212,5.95,7.63,,
2026-09-26 10:57:53.885884+00:00,26/09/2026,1637064584,2026-09-26 11:30:00+00:00,Finland - Ykkonen,OLS,PK Keski-Uusimaa,1.8,4.39,3.54,,
2026-09-26 10:57:53.885884+00:00,26/09/2026,1637064585,2026-09-26 11:30:00+00:00,China - League One,Nantong Zhiyun,Changchun Yatai,1.5917,3.99,5.4,1.6944,2.17
2026-09-26 10:57:53.885884+00:00,26/09/2026,1637064594,2026-09-26 12:00:00+00:00,Sweden - Elitettan Women,Hacken II,Jitex BK,4.16,3.76,1.6494,1.5587,2.24
2026-09-26 10:57:53.885884+00:00,26/09/2026,1637064597,2026-09-26 12:00:00+00:00,Poland - 3rd Liga,Warta Gorzow Wielkopolski,Sleza Wroclaw,1.625,3.8,4.26,1.5682,2.23
2026-09-26 10:57:53.885884+00:00,26/09/2026,1637064600,2026-09-26 12:00:00+00:00,Germany - Regionalliga North East,Lokomotive Leipzig,Rot-Weiss Erfurt,2.66,3.79,2.28,1.5525,2.38
2026-09-26 10:57:53.885884+00:00,26/09/2026,1637064601,2026-09-26 12:00:00+00:00,Denmark - 3rd Division,Vanlose,Bronshoj,3.6,3.56,1.8772,1.6711,2.14
2026-09-26 10:57:53.885884+00:00,26/09/2026,1637064602,2026-09-26 12:00:00+00:00,Norway - 3rd Division,Varegg,Os,5.4,5.22,1.3584,,
2026-09-26 10:57:53.885884+00:00,26/09/2026,1637064610,2026-09-26 12:30:00+00:00,FIFA - ASEAN Cup Division 1,Vietnam,Philippines,1.4386,4.5,6.84,1.6711,2.2
2026-09-26 10:57:53.885884+00:00,26/09/2026,1637064611,2026-09-26 12:30:00+00:00,Denmark - 3rd Division,Holstebro,Ishoj,2.14,3.97,2.68,1.5988,2.23
2026-09-26 10:57:53.885884+00:00,26/09/2026,1637064612,2026-09-26 12:30:00+00:00,Netherlands - Derde Divisie,Harkemase Boys,VV Scherpenzeel,1.9615,3.5,3.15,1.5208,2.33
2026-09-26 10:57:53.885884+00:00,26/09/2026,1637064614,2026-09-26 12:30:00+00:00,Italy - Serie C Group A,Lumezzane,Folgore Caratese,2.28,3.24,3.15,2.05,1.8
2026-09-26 10:57:53.885884+00:00,26/09/2026,1637064615,2026-09-26 12:30:00+00:00,Italy - Serie C Group B,Pineto,Grosseto,2.3,3.16,3.19,2.09,1.7463
2026-09-26 10:57:53.885884+00:00,26/09/2026,1637064623,2026-09-26 13:00:00+00:00,Netherlands - Tweede Divisie,Jong Sparta Rotterdam,HSV Hoek,2.32,4.01,2.36,,
2026-09-26 10:57:53.885884+00:00,26/09/2026,1637064626,2026-09-26 13:00:00+00:00,Poland - U19 League,Arka Gdynia,Talent Warszawa,1.6757,3.85,3.7,1.4132,2.57
2026-09-26 10:57:53.885884+00:00,26/09/2026,1637064627,2026-09-26 13:00:00+00:00,Poland - 3rd Liga,Star Starachowice,Siarka Tarnobrzeg,2.64,3.48,2.18,1.6494,2.09
2026-09-26 10:57:53.885884+00:00,26/09/2026,1637064628,2026-09-26 13:00:00+00:00,Norway - 3rd Division,Melhus,Spjelkavik,1.3333,5.11,5.53,,
2026-09-26 10:57:53.885884+00:00,26/09/2026,1637064629,2026-09-26 13:00:00+00:00,Norway - 3rd Division,Brodd,Vindbjart,2.93,3.72,1.9346,,
2026-09-26 10:57:53.885884+00:00,26/09/2026,1637064630,2026-09-26 13:00:00+00:00,Norway - 3rd Division,Sandefjord II,Elverum,3.62,4.3,1.6173,,
2026-09-26 10:57:53.885884+00:00,26/09/2026,1637064631,2026-09-26 13:00:00+00:00,Norway - 1st Division Women,Odd BK,Kolbotn,1.9709,3.75,3.01,,
2026-09-26 10:57:53.885884+00:00,26/09/2026,1637064632,2026-09-26 13:00:00+00:00,Norway - 2nd Division,Vidar,Mjondalen,5.85,4.84,1.4,,
2026-09-26 10:57:53.885884+00:00,26/09/2026,1637064633,2026-09-26 13:00:00+00:00,Norway - 3rd Division,Herd,Kvik,1.6623,3.86,3.76,,
2026-09-26 10:57:53.885884+00:00,26/09/2026,1637064634,2026-09-26 13:00:00+00:00,Norway - 3rd Division,Rade,Lillehammer,2.48,3.65,2.23,,
2026-09-26 10:57:53.885884+00:00,26/09/2026,1637064635,2026-09-26 13:00:00+00:00,Switzerland - 1. Liga Classic,Black Stars,Bassecourt,2.11,3.74,2.76,1.4167,2.65
2026-09-26 10:57:53.885884+00:00,26/09/2026,1637064639,2026-09-26 13:00:00+00:00,CAF - Africa Cup of Nations Qualifiers,Kenya,Eritrea,1.3745,4.16,9.19,2.19,1.6536
2026-09-26 10:57:53.885884+00:00,26/09/2026,1637067764,2026-09-26 11:00:00+00:00,Finland - Kansallinen Women,HPS,Aland United,2.51,3.34,2.42,1.5814,2.2
2026-09-26 10:57:53.885884+00:00,26/09/2026,1637067765,2026-09-26 11:00:00+00:00,Finland - Kansallinen Women,KuPS,HJK Helsinki,3.08,3.61,1.9615,1.5587,2.25
2026-09-26 10:57:53.885884+00:00,26/09/2026,1637067774,2026-09-26 11:30:00+00:00,Denmark - 2nd Division,VSK Aarhus,Skive,2.08,3.44,3.26,1.8197,2.01
2026-09-26 10:57:53.885884+00:00,26/09/2026,1637067778,2026-09-26 12:00:00+00:00,Spain - Segunda Division,Ceuta,Real Sociedad II,2.99,3.54,2.4,1.8929,1.9901
2026-09-26 10:57:53.885884+00:00,26/09/2026,1637067779,2026-09-26 12:00:00+00:00,Netherlands - Eredivisie Women,PSV,De Graafschap,1.2188,6.27,9.85,,
2026-09-26 10:57:53.885884+00:00,26/09/2026,1637067780,2026-09-26 12:00:00+00:00,Indonesia - Championship,Persipura Jayapura,Persis Solo,1.6369,4.02,3.95,1.8,1.9434
2026-09-26 10:57:53.885884+00:00,26/09/2026,1637067781,2026-09-26 12:00:00+00:00,Indonesia - Championship,Persikad Depok,Persiraja Banda Aceh,1.813,3.55,3.59,1.7407,1.9901
2026-09-26 10:57:53.885884+00:00,26/09/2026,1637067783,2026-09-26 12:00:00+00:00,Norway - 3rd Division,Valerenga II,Baerum,3.76,6.07,1.4673,,
2026-09-26 10:57:53.885884+00:00,26/09/2026,1637067784,2026-09-26 12:00:00+00:00,Norway - 2nd Division,Kjelsas,Follo,1.1942,6.98,9.95,,
2026-09-26 10:57:53.885884+00:00,26/09/2026,1637067785,2026-09-26 12:00:00+00:00,Norway - 2nd Division,Lysekloster,Sandviken,3.11,4.03,1.9615,1.4132,2.79
2026-09-26 10:57:53.885884+00:00,26/09/2026,1637067786,2026-09-26 12:00:00+00:00,Norway - 3rd Division,Akra,Madla,5.84,5.47,1.3049,,
2026-09-26 10:57:53.885884+00:00,26/09/2026,1637067787,2026-09-26 12:00:00+00:00,Norway - 3rd Division,Askoy,Brann II,1.6993,4.27,3.45,,
2026-09-26 10:57:53.885884+00:00,26/09/2026,1637067788,2026-09-26 12:00:00+00:00,Germany - Regionalliga North,St. Pauli II,Kickers Emden,2.82,4.02,2.08,,
2026-09-26 10:57:53.885884+00:00,26/09/2026,1637067792,2026-09-26 12:00:00+00:00,Finland - Ykkosliiga,EIF,SJK Akatemia,1.578,4.91,4.56,1.3546,3.15
2026-09-26 10:57:53.885884+00:00,26/09/2026,1637067793,2026-09-26 12:00:00+00:00,Serbia - Prva Liga,Smederevo,Vrsac,1.8403,3.21,3.88,2.01,1.7194
2026-09-26 10:57:53.885884+00:00,26/09/2026,1637067801,2026-09-26 12:30:00+00:00,Netherlands - Tweede Divisie,GVVV Veenendaal,RKAV Volendam,1.7752,4.22,3.42,1.3745,2.87
2026-09-26 10:57:53.885884+00:00,26/09/2026,1637067802,2026-09-26 12:30:00+00:00,Netherlands - Derde Divisie,Noordwijk,VV Zwaluwen,1.7353,3.64,3.82,1.5236,2.32
2026-09-26 10:57:53.885884+00:00,26/09/2026,1637067805,2026-09-26 12:30:00+00:00,Italy - Serie C Group B,Torres,Vado,1.8403,3.58,4.12,2.03,1.8197
2026-09-26 10:57:53.885884+00:00,26/09/2026,1637067807,2026-09-26 12:30:00+00:00,Italy - Serie C Group A,Giana Erminio,Pro Vercelli 1892,2.11,3.27,3.52,2.05,1.8
2026-09-26 10:57:53.885884+00:00,26/09/2026,1637067808,2026-09-26 12:30:00+00:00,Italy - Serie C Group A,Pergolettese,Trento,4.31,3.29,1.8929,2.13,1.7194
2026-09-26 10:57:53.885884+00:00,26/09/2026,1637067809,2026-09-26 12:30:00+00:00,Italy - Serie C Group C,Crotone,Salernitana,3.24,3.37,2.18,1.885,1.9524
2026-09-26 10:57:53.885884+00:00,26/09/2026,1637067815,2026-09-26 13:00:00+00:00,Brazil - Carioca U20,Flamengo,Fluminense,2.3,2.37,3.73,1.9804,1.7407
2026-09-26 10:57:53.885884+00:00,26/09/2026,1637067817,2026-09-26 13:00:00+00:00,Bulgaria - Second League,Rilski Sportist,Pirin Blagoevgrad,1.104,6.86,14.77,1.5376,2.23
2026-09-26 10:57:53.885884+00:00,26/09/2026,1637067818,2026-09-26 13:00:00+00:00,Sweden - Damallsvenskan,Uppsala,Djurgardens,10.17,6.22,1.1969,1.3846,2.8
2026-09-26 10:57:53.885884+00:00,26/09/2026,1637067821,2026-09-26 13:00:00+00:00,Austria - Bundesliga Women,Rapid Vienna,Salzburg,2.19,3.83,2.41,1.4255,2.51
2026-09-26 10:57:53.885884+00:00,26/09/2026,1637067822,2026-09-26 13:00:00+00:00,Germany - Regionalliga North,Jeddeloh,Eintracht Norderstedt,1.6757,4.28,3.82,,
2026-09-26 10:57:53.885884+00:00,26/09/2026,1637067824,2026-09-26 13:00:00+00:00,Netherlands - Tweede Divisie,IJsselmeervogels,Rijnsburgse Boys,2.21,4.03,2.47,1.3906,2.75
2026-09-26 10:57:53.885884+00:00,26/09/2026,1637067825,2026-09-26 13:00:00+00:00,Norway - 3rd Division,Strindheim,Molde II,1.119,8.5,8.85,,
2026-09-26 10:57:53.885884+00:00,26/09/2026,1637067826,2026-09-26 13:00:00+00:00,Italy - Serie A Women,Lazio,Parma,1.7143,3.64,4.26,1.9434,1.8475
2026-09-26 10:57:53.885884+00:00,26/09/2026,1637067827,2026-09-26 13:00:00+00:00,Netherlands - Tweede Divisie,Kozakken Boys,Koninklijke HFC,1.641,4.19,3.87,1.4651,2.5
2026-09-26 10:57:53.885884+00:00,26/09/2026,1637067828,2026-09-26 13:00:00+00:00,Austria - Landesliga,Wiener Neustadter,Korneuburg,1.4975,4.22,4.5,1.4386,2.5
2026-09-26 10:57:53.885884+00:00,26/09/2026,1637067839,2026-09-26 13:30:00+00:00,Slovakia - 3. Liga,Spisska Nova Ves,Poprad,1.5102,3.11,7.09,1.6944,2.01
2026-09-26 10:57:53.885884+00:00,26/09/2026,1637067840,2026-09-26 13:30:00+00:00,Austria - Landesliga,SAK Klagenfurt,ATUS Ferlach,1.5464,4.04,4.31,1.4762,2.39
2026-09-26 10:57:53.885884+00:00,26/09/2026,1637067842,2026-09-26 13:30:00+00:00,Slovakia - 3. Liga,Novohrad Lucenec,Banik Kalinovo,1.7576,3.54,3.65,1.6494,2.08
2026-09-26 10:57:53.885884+00:00,26/09/2026,1637067843,2026-09-26 13:30:00+00:00,Slovakia - 3. Liga,Tatran Oravske Vesele,Namestovo,4.1,3.77,1.6173,1.5714,2.18
2026-09-26 10:57:53.885884+00:00,26/09/2026,1637067844,2026-09-26 13:30:00+00:00,Wales - Championship,Llantwit Major,Llanelli Town,1.7353,3.97,3.6,1.431,2.6
2026-09-26 10:57:53.885884+00:00,26/09/2026,1637067845,2026-09-26 13:30:00+00:00,Wales - Championship,Ynyshir Albions,Trethomas Bluebirds,2.5,3.41,2.43,1.6173,2.2
2026-09-26 10:57:53.885884+00:00,26/09/2026,1637067848,2026-09-26 13:30:00+00:00,Wales - Championship,Llanuwchllyn,Caersws,2.89,3.73,2.04,1.4237,2.63
2026-09-26 10:57:53.885884+00:00,26/09/2026,1637067850,2026-09-26 13:30:00+00:00,Wales - Premier League,Barry Town United,Connahs Quay Nomads,3.72,3.21,2.01,1.9434,1.8621
2026-09-26 10:57:53.885884+00:00,26/09/2026,1637067857,2026-09-26 14:00:00+00:00,England - National League North,Merthyr Town,Marine,1.9009,3.66,3.6,1.6897,2.13
2026-09-26 10:57:53.885884+00:00,26/09/2026,1637067858,2026-09-26 14:00:00+00:00,England - National League North,Brackley Town,Scarborough Athletic,2.66,3.64,2.33,1.7519,2.04
2026-09-26 10:57:53.885884+00:00,26/09/2026,1637067859,2026-09-26 14:00:00+00:00,England - National League North,Telford United,Kings Lynn Town,2.16,3.38,3.14,1.8475,1.9615
2026-09-26 10:57:53.885884+00:00,26/09/2026,1637067860,2026-09-26 14:00:00+00:00,England - National League South,Dagenham and Redbridge,Hampton and Richmond Borough,1.5155,4.28,5.4,1.6579,2.19
2026-09-26 10:57:53.885884+00:00,26/09/2026,1637067861,2026-09-26 14:00:00+00:00,England - National League South,Dorking Wanderers,Braintree Town,1.4484,4.83,5.54,,
2026-09-26 10:57:53.885884+00:00,26/09/2026,1637067862,2026-09-26 14:00:00+00:00,England - National League South,Maidstone United,Truro City,2.56,3.55,2.47,1.8547,1.9524
2026-09-26 10:57:53.885884+00:00,26/09/2026,1637069458,2026-09-26 12:00:00+00:00,Norway - 3rd Division,NTNUI,Nardo,3.34,4.38,1.7092,,
2026-09-26 10:57:53.885884+00:00,26/09/2026,1637069460,2026-09-26 12:00:00+00:00,Norway - 3rd Division,Fyllingsdalen,Stord,6.45,6.1,1.25,,
2026-09-26 10:57:53.885884+00:00,26/09/2026,1637069461,2026-09-26 12:00:00+00:00,Denmark - 2nd Division,FA 2000,Fremad Amager,3.04,3.5,2.16,1.8403,1.9804
2026-09-26 10:57:53.885884+00:00,26/09/2026,1637069464,2026-09-26 12:00:00+00:00,Austria - Landesliga,Dinamo Helfort,Red Star Penzing,2.07,3.58,2.87,1.4785,2.44
2026-09-26 10:57:53.885884+00:00,26/09/2026,1637069469,2026-09-26 12:30:00+00:00,England - Women Super League,Charlton Athletic,Manchester City,30.09,19.42,1.029,,
2026-09-26 10:57:53.885884+00:00,26/09/2026,1637069477,2026-09-26 18:00:00+00:00,Brazil - Carioca U20,Portuguesa RJ,Bangu,2.41,3.22,2.46,1.9009,1.7937
2026-09-26 10:57:53.885884+00:00,26/09/2026,1637069478,2026-09-26 13:00:00+00:00,Brazil - Carioca U20,Vasco da Gama,Botafogo FR RJ,1.6944,3.45,4.06,1.813,1.9009
2026-09-26 10:57:53.885884+00:00,26/09/2026,1637069479,2026-09-26 13:00:00+00:00,Sweden - Damallsvenskan,AIK,Vaxjo,1.3497,4.71,6.85,1.5882,2.23
2026-09-26 10:57:53.885884+00:00,26/09/2026,1637069480,2026-09-26 13:00:00+00:00,Netherlands - Tweede Divisie,Quick Boys,HHC Hardenberg,1.5,4.43,4.68,1.5155,2.36
2026-09-26 10:57:53.885884+00:00,26/09/2026,1637069481,2026-09-26 13:00:00+00:00,Bulgaria - Second League,Lokomotiv Gorna Oryahovitsa,Marek Dupnitsa,2.1,2.94,3.23,2.39,1.4762
2026-09-26 10:57:53.885884+00:00,26/09/2026,1637069482,2026-09-26 13:00:00+00:00,Sweden - Damallsvenskan,Hammarby,Eskilstuna United,1.103,8.77,15.38,1.3636,2.89
2026-09-26 10:57:53.885884+00:00,26/09/2026,1637069483,2026-09-26 13:00:00+00:00,Poland - 3rd Liga,Baltyk Koszalin,Gedania Gdansk,2.65,3.52,2.16,1.4831,2.38
2026-09-26 10:57:53.885884+00:00,26/09/2026,1637069484,2026-09-26 13:00:00+00:00,Denmark - 2nd Division,B 93,Thisted,1.7576,3.79,3.85,1.5495,2.33
2026-09-26 10:57:53.885884+00:00,26/09/2026,1637069485,2026-09-26 13:00:00+00:00,Norway - 2nd Division,Stjordals-Blink,Ullensaker/Kisa,1.3584,5.23,5.82,,
2026-09-26 10:57:53.885884+00:00,26/09/2026,1637069486,2026-09-26 13:00:00+00:00,Netherlands - Tweede Divisie,Kloetinge,Rohda Raalte,1.4587,4.75,4.76,1.4484,2.55
2026-09-26 10:57:53.885884+00:00,26/09/2026,1637069487,2026-09-26 13:00:00+00:00,Norway - Toppserien Women,Stabaek,Brann,8.62,5.83,1.2457,1.4098,2.74
2026-09-26 10:57:53.885884+00:00,26/09/2026,1637069488,2026-09-26 13:00:00+00:00,Norway - 3rd Division,Mandalskameratene,Odd BK II,1.4673,4.57,4.41,,
2026-09-26 10:57:53.885884+00:00,26/09/2026,1637069489,2026-09-26 13:00:00+00:00,Norway - 1st Division Women,Frigg,Viking,13.57,8.9,1.096,,
2026-09-26 10:57:53.885884+00:00,26/09/2026,1637069490,2026-09-26 13:00:00+00:00,Norway - 3rd Division,Viking II,Vag,1.2451,5.58,6.63,,
2026-09-26 10:57:53.885884+00:00,26/09/2026,1637069491,2026-09-26 13:00:00+00:00,Denmark - 3rd Division,ASA Aarhus,Hoersholm-Usseroed,2.27,3.63,2.57,1.4808,2.45
2026-09-26 10:57:53.885884+00:00,26/09/2026,1637069492,2026-09-26 13:00:00+00:00,Finland - Ykkonen,TPV,Jazz,2.56,3.79,2.36,,
2026-09-26 10:57:53.885884+00:00,26/09/2026,1637069498,2026-09-26 13:00:00+00:00,Finland - Ykkosliiga,JIPPO,PK-35,2.82,3.42,2.48,2.1,1.7519
2026-09-26 10:57:53.885884+00:00,26/09/2026,1637069507,2026-09-26 13:30:00+00:00,Slovakia - 2. Liga,Samorin,Zvolen,1.495,4.3,5.23,1.625,2.22
2026-09-26 10:57:53.885884+00:00,26/09/2026,1637069508,2026-09-26 13:30:00+00:00,Czech Republic - 3. Liga,Hodonin,Vsetin,1.5102,4.11,5.0,1.6711,2.11
2026-09-26 10:57:53.885884+00:00,26/09/2026,1637069509,2026-09-26 13:30:00+00:00,Czech Republic - 3. Liga,CSK Uhersky Brod,Sigma Olomouc II,3.81,3.78,1.7299,1.5848,2.22
2026-09-26 10:57:53.885884+00:00,26/09/2026,1637069511,2026-09-26 13:30:00+00:00,Wales - Premier League,Cardiff Metropolitan University,Caernarfon Town,3.22,3.99,1.9346,1.4808,2.54
2026-09-26 10:57:53.885884+00:00,26/09/2026,1637069513,2026-09-26 13:30:00+00:00,Slovakia - 3. Liga,Slovan Sabinov,Snina,3.1,3.57,1.9091,1.8333,1.8772
2026-09-26 10:57:53.885884+00:00,26/09/2026,1637069517,2026-09-26 13:30:00+00:00,Wales - Championship,Newtown,Porthmadog,1.5025,4.33,4.78,1.4525,2.54
2026-09-26 10:57:53.885884+00:00,26/09/2026,1637069519,2026-09-26 13:30:00+00:00,Wales - Premier League,Cambrian United,Llandudno,2.67,3.6,2.35,1.5714,2.31
2026-09-26 10:57:53.885884+00:00,26/09/2026,1637069520,2026-09-26 13:30:00+00:00,Wales - Premier League,Colwyn Bay,Haverfordwest County,1.5,4.09,5.99,1.7874,2.0
2026-09-26 10:57:53.885884+00:00,26/09/2026,1637069521,2026-09-26 13:30:00+00:00,Wales - Premier League,Penybont,Airbus UK Broughton,1.6623,4.16,3.02,1.6452,1.9615
2026-09-26 10:57:53.885884+00:00,26/09/2026,1637069537,2026-09-26 14:00:00+00:00,England - National League North,Hednesford Town,Radcliffe,1.6289,4.35,4.26,1.6289,2.23
2026-09-26 10:57:53.885884+00:00,26/09/2026,1637069538,2026-09-26 14:00:00+00:00,England - National League North,Chester,Worksop Town,1.641,3.99,4.58,1.7752,2.01
2026-09-26 10:57:53.885884+00:00,26/09/2026,1637069539,2026-09-26 14:00:00+00:00,England - National League South,Walton and Hersham,Farnborough,3.17,3.98,1.9524,1.3906,2.85
2026-09-26 10:57:53.885884+00:00,26/09/2026,1637069540,2026-09-26 14:00:00+00:00,England - National League South,Farnham Town,Weston Super Mare,2.73,3.86,2.21,1.641,2.22
2026-09-26 10:57:53.885884+00:00,26/09/2026,1637069541,2026-09-26 14:00:00+00:00,England - National League South,Chesham United,Maidenhead United,2.29,3.66,2.72,1.5495,2.36
2026-09-26 10:57:53.885884+00:00,26/09/2026,1637069543,2026-09-26 14:00:00+00:00,England - Isthmian Division 1 North,Gorleston,Cambridge City,2.38,3.71,2.3,1.5848,2.19
2026-09-26 10:57:53.885884+00:00,26/09/2026,1637069553,2026-09-26 14:00:00+00:00,Sweden - Division 1 Norra,Jarfalla,Eskilstuna,3.66,4.9,1.6289,1.4348,2.65
2026-09-26 10:57:53.885884+00:00,26/09/2026,1637069554,2026-09-26 14:00:00+00:00,Belgium - Super League Women,Zulte Waregem,Standard Liege,2.22,3.03,2.9,2.02,1.6897
2026-09-26 10:57:53.885884+00:00,26/09/2026,1637069555,2026-09-26 14:00:00+00:00,Czech Republic - 3. Liga,Neratovice-Byskovice,Caslav,1.6993,3.83,3.89,1.5556,2.27
2026-09-26 10:57:53.885884+00:00,26/09/2026,1637076045,2026-09-26 13:00:00+00:00,CAF - Africa Cup of Nations Qualifiers,South Africa,Guinea,1.813,3.17,4.72,2.65,1.4444
2026-09-26 10:57:53.885884+00:00,26/09/2026,1637076050,2026-09-26 13:15:00+00:00,Netherlands - Tweede Divisie,Amsterdamsche,Katwijk,2.83,3.66,2.09,1.5348,2.32
2026-09-26 10:57:53.885884+00:00,26/09/2026,1637076057,2026-09-26 13:30:00+00:00,Czech Republic - 3. Liga,Blansko,Hranice,2.12,3.56,2.84,1.5525,2.28
2026-09-26 10:57:53.885884+00:00,26/09/2026,1637076058,2026-09-26 13:30:00+00:00,Czech Republic - 3. Liga,Vrchovina,Unie Hlubina,2.37,3.59,2.48,1.5525,2.28
2026-09-26 10:57:53.885884+00:00,26/09/2026,1637076059,2026-09-26 13:30:00+00:00,Slovakia - 3. Liga,Dunajska Luzna,Castkovce,1.7519,3.83,3.41,1.5263,2.28
2026-09-26 10:57:53.885884+00:00,26/09/2026,1637076060,2026-09-26 13:30:00+00:00,Slovakia - 2. Liga,Povazska Bystrica,MFK Bytca,1.2252,6.07,8.65,1.4065,2.72
2026-09-26 10:57:53.885884+00:00,26/09/2026,1637076061,2026-09-26 13:30:00+00:00,Slovakia - 2. Liga,Banik Lehota Pod Vtacnikom,Slovan Galanta,1.5102,4.25,5.15,1.5435,2.35
2026-09-26 10:57:53.885884+00:00,26/09/2026,1637076063,2026-09-26 13:30:00+00:00,Slovakia - 3. Liga,Vranov Nad Toplou,Kezmarok,1.3215,4.83,6.12,1.3953,2.63
2026-09-26 10:57:53.885884+00:00,26/09/2026,1637076064,2026-09-26 13:30:00+00:00,Slovakia - 3. Liga,Puchov,MSK Senec,1.3115,4.43,7.23,1.8,1.9174
2026-09-26 10:57:53.885884+00:00,26/09/2026,1637076065,2026-09-26 13:30:00+00:00,Slovakia - 3. Liga,FKM Nove Zamky,Trencin II,1.7519,3.7,3.51,1.4608,2.44
2026-09-26 10:57:53.885884+00:00,26/09/2026,1637076067,2026-09-26 13:30:00+00:00,Wales - Championship,Holyhead Hotspur,Guilsfield,2.44,3.77,2.32,1.6024,2.22
2026-09-26 10:57:53.885884+00:00,26/09/2026,1637076073,2026-09-26 13:30:00+00:00,Wales - Premier League,Flint Town United,Ammanford,1.3663,4.96,6.93,1.4545,2.61
2026-09-26 10:57:53.885884+00:00,26/09/2026,1637076074,2026-09-26 13:30:00+00:00,Wales - Premier League,Holywell Town,Briton Ferry Llansawel,4.33,4.33,1.6211,1.4292,2.7
2026-09-26 10:57:53.885884+00:00,26/09/2026,1637076094,2026-09-26 14:00:00+00:00,England - National League North,Oxford City,Morecambe,2.16,3.43,3.1,1.7576,2.03
2026-09-26 10:57:53.885884+00:00,26/09/2026,1637076095,2026-09-26 14:00:00+00:00,England - National League North,South Shields,Buxton,2.03,3.93,3.03,1.4785,2.54
2026-09-26 10:57:53.885884+00:00,26/09/2026,1637076096,2026-09-26 14:00:00+00:00,England - National League North,Darlington,Hebburn Town,2.34,3.83,2.57,1.6098,2.23
2026-09-26 10:57:53.885884+00:00,26/09/2026,1637076097,2026-09-26 14:00:00+00:00,England - National League North,Bedford Town,Hereford,2.6,3.91,2.29,1.6329,2.23
2026-09-26 10:57:53.885884+00:00,26/09/2026,1637076098,2026-09-26 14:00:00+00:00,England - National League North,Southport,Spennymoor Town,2.17,3.37,3.12,1.7874,2.0
2026-09-26 10:57:53.885884+00:00,26/09/2026,1637076099,2026-09-26 14:00:00+00:00,England - National League North,Macclesfield,Harborough Town,1.9804,3.55,3.42,1.641,2.22
2026-09-26 10:57:53.885884+00:00,26/09/2026,1637076100,2026-09-26 14:00:00+00:00,England - National League North,Chorley,Spalding United,2.66,3.69,2.32,1.6944,2.13
2026-09-26 10:57:53.885884+00:00,26/09/2026,1637076101,2026-09-26 14:00:00+00:00,England - National League South,Dover Athletic,Totton,2.14,3.93,2.81,1.5848,2.28
2026-09-26 10:57:53.885884+00:00,26/09/2026,1637076102,2026-09-26 14:00:00+00:00,England - National League South,Chelmsford City,Horsham,1.8547,3.54,3.89,1.7634,2.02
2026-09-26 10:57:53.885884+00:00,26/09/2026,1637076103,2026-09-26 14:00:00+00:00,England - National League South,Billericay Town,Torquay United,2.95,3.74,2.12,1.4785,2.54
2026-09-26 10:57:53.885884+00:00,26/09/2026,1637076104,2026-09-26 14:00:00+00:00,England - National League South,Slough Town,Hemel Hempstead Town,3.68,3.75,1.8547,1.4587,2.6
2026-09-26 10:57:53.885884+00:00,26/09/2026,1637076105,2026-09-26 14:00:00+00:00,England - National League South,Tonbridge Angels,Ebbsfleet United,2.7,3.31,2.47,1.8403,1.9709
2026-09-26 10:57:53.885884+00:00,26/09/2026,1637076107,2026-09-26 14:00:00+00:00,England - Isthmian Division 1 North,Grays Athletic,Takeley,2.32,3.35,2.52,1.7143,1.9901
2026-09-26 10:57:53.885884+00:00,26/09/2026,1637076110,2026-09-26 14:00:00+00:00,Austria - Regionalliga Ost,SV Wienerberg,Scheiblingkirchen-Warth,3.63,4.24,1.625,1.4292,2.53
2026-09-26 10:57:53.885884+00:00,26/09/2026,1637076111,2026-09-26 14:00:00+00:00,Austria - Regionalliga Ost,Donau,Wiener Sport-Club,3.85,4.07,1.6098,1.3546,2.79
2026-09-26 10:57:53.885884+00:00,26/09/2026,1637076112,2026-09-26 14:00:00+00:00,Austria - Regionalliga Ost,SR Donaufeld,Gloggnitz,1.9901,3.59,2.9,1.5291,2.27
2026-09-26 10:57:53.885884+00:00,26/09/2026,1637076120,2026-09-26 14:00:00+00:00,Sweden - Damallsvenskan,Norrkoping,Hacken,10.59,6.11,1.1961,1.4566,2.55
2026-09-26 10:57:53.885884+00:00,26/09/2026,1637076122,2026-09-26 14:00:00+00:00,Sweden - Division 1 Sodra,Laholms,Aatvidabergs,3.01,3.6,2.07,1.6536,2.17
2026-09-26 10:57:53.885884+00:00,26/09/2026,1637076123,2026-09-26 14:00:00+00:00,Scotland - Lowland League,East Stirlingshire,Broxburn Athletic,3.62,3.96,1.6757,,
2026-09-26 10:57:53.885884+00:00,26/09/2026,1637076126,2026-09-26 14:00:00+00:00,Switzerland - 1. Liga Classic,Taverne,Gossau,1.3922,4.69,5.72,1.4831,2.45
2026-09-26 10:57:53.885884+00:00,26/09/2026,1637076127,2026-09-26 14:00:00+00:00,Austria - Landesliga,FC Hard,Austria Lustenau II,1.7143,4.4,3.18,,
2026-09-26 10:57:53.885884+00:00,26/09/2026,1637076129,2026-09-26 14:00:00+00:00,Poland - 3rd Liga,Gornik Polkowice,Odra Bytom Odrzanski,1.8333,3.41,3.48,1.6897,2.02
2026-09-26 10:57:53.885884+00:00,26/09/2026,1637076130,2026-09-26 14:00:00+00:00,Poland - 3rd Liga,Victoria Wrzesnia,Lipno Steszew,2.15,3.67,2.58,1.5714,2.18
2026-09-26 10:57:53.885884+00:00,26/09/2026,1637076131,2026-09-26 14:00:00+00:00,Spain - Segunda Federacion Women,Bizkerre,Real Aviles,2.38,3.04,2.66,1.8772,1.8333
2026-09-26 10:57:53.885884+00:00,26/09/2026,1637076133,2026-09-26 14:00:00+00:00,Scotland - Highland League,Deveronvale,Inverurie Loco Works,3.73,3.7,1.6993,1.4673,2.42
2026-09-26 10:57:53.885884+00:00,26/09/2026,1637076134,2026-09-26 14:00:00+00:00,Croatia - Prva NL,Hrvace,Orijent,2.47,2.93,2.79,2.07,1.6944
2026-09-26 10:57:53.885884+00:00,26/09/2026,1637076137,2026-09-26 14:00:00+00:00,Croatia - Prva NL,Jadran Luka Ploce,Kustosija Zagreb,1.6757,3.56,4.36,1.9615,1.8
2026-09-26 10:57:53.885884+00:00,26/09/2026,1637076139,2026-09-26 14:00:00+00:00,Norway - 3rd Division,Sarpsborg 08 II,Gjoevik-Lyn,2.33,4.08,2.22,,
2026-09-26 10:57:53.885884+00:00,26/09/2026,1637080776,2026-09-26 14:00:00+00:00,England - Isthmian Division 1 North,Walthamstow,Lowestoft Town,1.361,4.71,5.54,1.4032,2.61
2026-09-26 10:57:53.885884+00:00,26/09/2026,1637080777,2026-09-26 14:00:00+00:00,England - Isthmian Division 1 North,Brightlingsea Regent,Bowers and Pitsea,3.3,3.73,1.8065,1.5917,2.18
2026-09-26 10:57:53.885884+00:00,26/09/2026,1637080778,2026-09-26 14:00:00+00:00,England - Isthmian Division 1 North,Redbridge,Newmarket Town,1.813,3.9,3.14,1.4202,2.55
2026-09-26 10:57:53.885884+00:00,26/09/2026,1637080779,2026-09-26 14:00:00+00:00,England - Isthmian Division 1 North,Witham Town,Wroxham,2.48,3.41,2.33,1.641,2.09
2026-09-26 10:57:53.885884+00:00,26/09/2026,1637080791,2026-09-26 14:00:00+00:00,Austria - Landesliga,Furstenfeld,Ilzer SV,2.49,3.91,2.14,1.4032,2.61
2026-09-26 10:57:53.885884+00:00,26/09/2026,1637080792,2026-09-26 14:00:00+00:00,Austria - Bundesliga Women,First Vienna,LASK Linz,1.7246,3.72,3.6,1.4464,2.48
2026-09-26 10:57:53.885884+00:00,26/09/2026,1637080793,2026-09-26 14:00:00+00:00,Scotland - Lowland League,Auchinleck Talbot,Cumnock Juniors,1.7634,4.24,3.09,1.4926,2.35
2026-09-26 10:57:53.885884+00:00,26/09/2026,1637080794,2026-09-26 14:00:00+00:00,Scotland - Lowland League,Cumbernauld Colts,Clydebank,4.07,4.08,1.5714,,
2026-09-26 10:57:53.885884+00:00,26/09/2026,1637080798,2026-09-26 14:00:00+00:00,Latvia - 1st Liga,Tukums 2000 II,Ventspils,1.8,4.21,3.01,1.4505,2.46
2026-09-26 10:57:53.885884+00:00,26/09/2026,1637080799,2026-09-26 14:00:00+00:00,Norway - 2nd Division,Junkeren,Rana,2.37,3.89,2.42,,
2026-09-26 10:57:53.885884+00:00,26/09/2026,1637080800,2026-09-26 14:00:00+00:00,Slovenia - 3. SNL,Ljutomer,Smartno,2.38,3.82,2.26,,
2026-09-26 10:57:53.885884+00:00,26/09/2026,1637080803,2026-09-26 14:00:00+00:00,Finland - Ykkonen,VJS,KPV,1.3215,6.6,5.65,,
2026-09-26 10:57:53.885884+00:00,26/09/2026,1637080804,2026-09-26 14:00:00+00:00,Slovenia - 3. SNL,Podvinci,Race,2.51,3.35,2.34,1.5291,2.27
2026-09-26 10:57:53.885884+00:00,26/09/2026,1637080805,2026-09-26 14:00:00+00:00,Slovenia - 3. SNL,NK Fuzinar,NK Ormoz,2.06,3.88,2.62,1.3922,2.65
2026-09-26 10:57:53.885884+00:00,26/09/2026,1637080806,2026-09-26 14:00:00+00:00,Norway - 3rd Division,Djerv 1919,Sogndal II,1.3058,5.42,5.43,,
2026-09-26 10:57:53.885884+00:00,26/09/2026,1637080807,2026-09-26 14:00:00+00:00,Norway - 2nd Division,Jerv,Notodden,1.5435,4.18,4.85,1.4717,2.53
2026-09-26 10:57:53.885884+00:00,26/09/2026,1637080811,2026-09-26 14:00:00+00:00,Croatia - Prva NL,Dubrava Zagreb,Bijelo Brdo,2.86,3.16,2.28,2.21,1.6098
2026-09-26 10:57:53.885884+00:00,26/09/2026,1637080814,2026-09-26 14:00:00+00:00,Switzerland - Promotion League,Bruhl,Paradiso,1.9346,3.82,3.19,1.3906,2.81
2026-09-26 10:57:53.885884+00:00,26/09/2026,1637080819,2026-09-26 14:00:00+00:00,England - FA Trophy,Gloucester City,Stafford Rangers,1.9901,3.63,2.89,1.4902,2.36
2026-09-26 10:57:53.885884+00:00,26/09/2026,1637080821,2026-09-26 14:00:00+00:00,Scotland - Challenge Cup,Airdrieonians,Berwick Rangers,1.111,8.05,12.98,,
2026-09-26 10:57:53.885884+00:00,26/09/2026,1637080822,2026-09-26 14:00:00+00:00,Switzerland - 1. Liga Classic,Tuggen,Kosova Zurich,1.5882,4.41,4.01,1.3984,2.72
2026-09-26 10:57:53.885884+00:00,26/09/2026,1637080824,2026-09-26 14:00:00+00:00,Scotland - Challenge Cup,Dumbarton,Banks O´Dee,1.6536,3.96,4.02,1.4032,2.7
2026-09-26 10:57:53.885884+00:00,26/09/2026,1637080827,2026-09-26 14:00:00+00:00,England - FA Trophy,Quorn,Leamington,2.32,3.38,2.51,1.5618,2.2
2026-09-26 10:57:53.885884+00:00,26/09/2026,1637080828,2026-09-26 14:00:00+00:00,England - FA Trophy,Hallam,Prescot Cables,3.67,4.07,1.6452,1.4444,2.48
2026-09-26 10:57:53.885884+00:00,26/09/2026,1637080831,2026-09-26 14:00:00+00:00,England - FA Trophy,Cleethorpes Town,Lancaster City,1.8403,3.64,3.23,1.5291,2.27
2026-09-26 10:57:53.885884+00:00,26/09/2026,1637080833,2026-09-26 14:00:00+00:00,Spain - Primera Federacion Women,Villarreal,Athletic Bilbao II,1.7299,3.27,4.11,2.02,1.6897
2026-09-26 10:57:53.885884+00:00,26/09/2026,1637080835,2026-09-26 14:00:00+00:00,Austria - Landesliga,FV Austria XIII,Gerasdorf Stammersdorf,1.3425,4.75,5.8,1.3861,2.67
2026-09-26 10:57:53.885884+00:00,26/09/2026,1637080836,2026-09-26 14:00:00+00:00,England - FA Trophy,Bedworth United,Redditch United,3.31,3.51,1.8547,1.6667,2.05
2026-09-26 10:57:53.885884+00:00,26/09/2026,1637080837,2026-09-26 14:00:00+00:00,Switzerland - 1. Liga Classic,Courtetelle,Solothurn,1.7463,3.91,3.59,1.4785,2.46
2026-09-26 10:57:53.885884+00:00,26/09/2026,1637080838,2026-09-26 14:00:00+00:00,Scotland - Challenge Cup,East Fife,Clydebank,1.7692,4.33,3.23,1.4444,2.56
2026-09-26 10:57:53.885884+00:00,26/09/2026,1637080839,2026-09-26 14:00:00+00:00,Scotland - Challenge Cup,Formartine United,Edinburgh City,1.3676,3.94,5.25,1.5291,2.12
2026-09-26 10:57:53.885884+00:00,26/09/2026,1637080843,2026-09-26 14:00:00+00:00,Scotland - Challenge Cup,Peterhead,Elgin City,2.06,3.38,3.1,1.6173,2.19
2026-09-26 10:57:53.885884+00:00,26/09/2026,1637080851,2026-09-26 14:00:00+00:00,Scotland - Challenge Cup,Cove Rangers,Aberdeen B,1.7194,3.88,3.74,,
2026-09-26 10:57:53.885884+00:00,26/09/2026,1637080852,2026-09-26 14:15:00+00:00,Spain - Segunda Division,Granada,FC Andorra,2.23,3.4,3.44,2.02,1.8696
2026-09-26 10:57:53.885884+00:00,26/09/2026,1637080853,2026-09-26 14:00:00+00:00,Finland - Kakkonen Group C,JS Hercules,Vaajakoski,2.45,3.8,2.31,,
2026-09-26 10:57:53.885884+00:00,26/09/2026,1637080855,2026-09-26 14:00:00+00:00,England - League 2,Fleetwood Town,Rochdale,1.8772,3.8,3.93,1.8547,1.9804
2026-09-26 10:57:53.885884+00:00,26/09/2026,1637080856,2026-09-26 14:00:00+00:00,England - League 2,Shrewsbury Town,Colchester United,2.43,3.3,3.0,2.05,1.8065
2026-09-26 10:57:53.885884+00:00,26/09/2026,1637080857,2026-09-26 14:00:00+00:00,England - League 2,Swindon Town,Accrington Stanley,2.26,3.64,3.02,1.7519,2.1
2026-09-26 10:57:53.885884+00:00,26/09/2026,1637080858,2026-09-26 14:00:00+00:00,England - League 2,York City,Gillingham,1.7692,4.12,4.11,1.6173,2.34
2026-09-26 10:57:53.885884+00:00,26/09/2026,1637080860,2026-09-26 14:30:00+00:00,Czech Republic - 3. Liga,Jiskra Domazlice,Dynamo Ceske Budejovice,1.9709,4.03,2.85,1.3891,2.75
2026-09-26 10:57:53.885884+00:00,26/09/2026,1637080861,2026-09-26 14:30:00+00:00,Switzerland - 1. Liga Classic,Wohlen,SC Buochs,2.34,3.35,2.64,1.6803,2.09
2026-09-26 10:57:53.885884+00:00,26/09/2026,1637080862,2026-09-26 14:30:00+00:00,Netherlands - Eredivisie Women,Ajax,ADO Den Haag,1.1,8.69,16.39,,
2026-09-26 10:57:53.885884+00:00,26/09/2026,1637086461,2026-09-26 14:00:00+00:00,Sweden - Division 1 Norra,Sollentuna,Stockholm Internazionale,4.71,4.92,1.4785,1.7194,2.07
2026-09-26 10:57:53.885884+00:00,26/09/2026,1637086462,2026-09-26 14:00:00+00:00,Sweden - Elitettan Women,Alingsas,Trelleborgs,2.97,3.77,1.9091,1.6623,2.06
2026-09-26 10:57:53.885884+00:00,26/09/2026,1637086466,2026-09-26 13:00:00+00:00,Poland - 3rd Liga,Olimpia Zambrow,Pelikan Lowicz,2.57,3.29,2.32,1.5181,2.3
2026-09-26 10:57:53.885884+00:00,26/09/2026,1637086467,2026-09-26 14:00:00+00:00,Poland - 3rd Liga,Kotwica Kornik,Grom Nowy Staw,2.43,3.75,2.23,,
2026-09-26 10:57:53.885884+00:00,26/09/2026,1637086469,2026-09-26 14:00:00+00:00,England - National League South,Salisbury,Folkestone Invicta,2.22,3.85,2.71,1.5208,2.43
2026-09-26 10:57:53.885884+00:00,26/09/2026,1637086472,2026-09-26 14:00:00+00:00,Scotland - Highland League,Lossiemouth,Wick Academy,1.9434,3.9,2.82,1.565,2.2
2026-09-26 10:57:53.885884+00:00,26/09/2026,1637086481,2026-09-26 14:00:00+00:00,England - FA Trophy,Leiston,Dartford,2.47,3.29,2.4,1.6623,2.06
2026-09-26 10:57:53.885884+00:00,26/09/2026,1637086483,2026-09-26 14:00:00+00:00,Scotland - Challenge Cup,Kelty Hearts,Montrose,2.75,4.05,2.02,1.3704,2.82
2026-09-26 10:57:53.885884+00:00,26/09/2026,1637086484,2026-09-26 14:00:00+00:00,England - FA Trophy,Bury FC,Gainsborough Trinity,1.5102,4.12,4.5,1.4975,2.34
2026-09-26 10:57:53.885884+00:00,26/09/2026,1637086493,2026-09-26 14:00:00+00:00,England - FA Trophy,Hyde United,FC United of Manchester,2.17,3.85,2.47,1.4854,2.37
2026-09-26 10:57:53.885884+00:00,26/09/2026,1637086495,2026-09-26 14:00:00+00:00,Scotland - Challenge Cup,Clachnacuddin,Celtic II,2.99,3.63,2.02,,
2026-09-26 10:57:53.885884+00:00,26/09/2026,1637086498,2026-09-26 14:00:00+00:00,England - FA Trophy,Moneyfields,Wimborne Town,2.85,3.31,2.12,1.7042,2.0
2026-09-26 10:57:53.885884+00:00,26/09/2026,1637086504,2026-09-26 14:00:00+00:00,Scotland - Challenge Cup,Forfar Athletic,Dundee United B,1.4717,4.45,4.95,1.4484,2.55
2026-09-26 10:57:53.885884+00:00,26/09/2026,1637086505,2026-09-26 14:00:00+00:00,Scotland - Challenge Cup,Hamilton Academical,Kilmarnock B,1.134,7.45,11.36,,
2026-09-26 10:57:53.885884+00:00,26/09/2026,1637086506,2026-09-26 14:00:00+00:00,Scotland - Challenge Cup,Ross County,Hearts II,1.096,7.21,13.44,1.3676,2.77
2026-09-26 10:57:53.885884+00:00,26/09/2026,1637086507,2026-09-26 14:00:00+00:00,Finland - Kakkonen Group A,Lahden Reipas,MyPa,1.5181,5.23,3.9,,
2026-09-26 10:57:53.885884+00:00,26/09/2026,1637086509,2026-09-26 14:00:00+00:00,Serbia - Prva Liga,Borac Cacak,TSC,2.95,3.23,2.1,1.8065,1.9009
2026-09-26 10:57:53.885884+00:00,26/09/2026,1637086510,2026-09-26 14:00:00+00:00,England - League 2,Bristol Rovers,Exeter City,1.7299,3.89,4.64,1.885,1.9524
2026-09-26 10:57:53.885884+00:00,26/09/2026,1637086511,2026-09-26 14:00:00+00:00,England - League 2,Cheltenham Town,Chesterfield,2.93,3.74,2.27,1.7519,2.1
2026-09-26 10:57:53.885884+00:00,26/09/2026,1637086512,2026-09-26 14:00:00+00:00,England - League 2,Rotherham United,Crewe Alexandra,2.12,3.68,3.29,1.7576,2.09
2026-09-26 10:57:53.885884+00:00,26/09/2026,1637086513,2026-09-26 14:00:00+00:00,England - League 2,Tranmere Rovers,Walsall,2.46,3.29,2.97,1.8333,2.01
2026-09-26 10:57:53.885884+00:00,26/09/2026,1637086518,2026-09-26 14:30:00+00:00,Spain - Primera Federacion,Aguilas,Hercules CF,2.61,2.83,2.82,2.48,1.4926
2026-09-26 10:57:53.885884+00:00,26/09/2026,1637086519,2026-09-26 14:30:00+00:00,Spain - Primera Federacion,Juventud Torremolinos,Algeciras,2.86,2.99,2.45,2.08,1.7092
2026-09-26 10:57:53.885884+00:00,26/09/2026,1637086520,2026-09-26 14:30:00+00:00,Netherlands - Eerste Divisie,Heracles Almelo,Vitesse Arnhem,1.6024,4.5,4.8,1.5155,2.57
2026-09-26 10:57:53.885884+00:00,26/09/2026,1637086533,2026-09-26 15:00:00+00:00,Austria - Landesliga,SpG Edelserpentin,ASV Neudorf / Parndorf,2.89,3.38,2.07,1.6289,2.12
2026-09-26 10:57:53.885884+00:00,26/09/2026,1637086534,2026-09-26 15:00:00+00:00,Sweden - Division 1 Sodra,Utsiktens,Jonkopings Sodra,5.93,4.27,1.4505,1.7519,2.03
2026-09-26 10:57:53.885884+00:00,26/09/2026,1637086535,2026-09-26 15:00:00+00:00,Switzerland - 2. Liga Interregional,Ajoie-Monterri,FC Farvagny-Ogoz,2.33,3.73,2.34,1.4484,2.47
2026-09-26 10:57:53.885884+00:00,26/09/2026,1637086540,2026-09-26 15:00:00+00:00,Switzerland - 1. Liga Classic,Lancy,FC Coffrane,1.6623,4.21,3.76,,
2026-09-26 10:57:53.885884+00:00,26/09/2026,1637086542,2026-09-26 15:00:00+00:00,Ireland - National League,Letterkenny Rovers,TU Dublin,2.19,3.36,2.71,1.4902,2.36
2026-09-26 10:57:53.885884+00:00,26/09/2026,1637086551,2026-09-26 15:30:00+00:00,Switzerland - Promotion League,FC Lugano II,Cham,3.7,3.96,1.7576,1.3984,2.78
2026-09-26 10:57:53.885884+00:00,26/09/2026,1637086552,2026-09-26 15:30:00+00:00,Norway - 3rd Division,Union Carl Berner,Frigg,2.05,3.86,2.64,,
2026-09-26 10:57:53.885884+00:00,26/09/2026,1637086556,2026-09-26 15:30:00+00:00,Italy - Serie C Group C,Picerno,Audace Cerignola,2.39,3.42,2.72,2.0,1.813
2026-09-26 10:57:53.885884+00:00,26/09/2026,1637090704,2026-09-26 14:00:00+00:00,Switzerland - 1. Liga Classic,Portalban/Gletterens,Chenois,2.51,3.61,2.33,1.4274,2.62
2026-09-26 10:57:53.885884+00:00,26/09/2026,1637090706,2026-09-26 14:00:00+00:00,Scotland - Challenge Cup,Cowdenbeath,Clyde,3.2,4.42,1.7634,1.3922,2.74
2026-09-26 10:57:53.885884+00:00,26/09/2026,1637090707,2026-09-26 14:00:00+00:00,Scotland - Challenge Cup,Stranraer,East Kilbride,3.43,3.79,1.8197,,
2026-09-26 10:57:53.885884+00:00,26/09/2026,1637090709,2026-09-26 14:00:00+00:00,Scotland - Challenge Cup,Bonnyrigg Rose,Motherwell B,1.4032,6.04,4.4,,
2026-09-26 10:57:53.885884+00:00,26/09/2026,1637090711,2026-09-26 14:00:00+00:00,Switzerland - 1. Liga Classic,Wettswil-Bonstetten,Mendrisio,1.7874,3.95,3.4,1.4831,2.45
2026-09-26 10:57:53.885884+00:00,26/09/2026,1637090714,2026-09-26 14:00:00+00:00,England - FA Trophy,Welling United,Chertsey Town,1.8475,3.7,3.19,1.4926,2.35
2026-09-26 10:57:53.885884+00:00,26/09/2026,1637090720,2026-09-26 14:00:00+00:00,Scotland - Challenge Cup,Annan Athletic,Hibernian B,1.3145,6.26,5.2,,
2026-09-26 10:57:53.885884+00:00,26/09/2026,1637090721,2026-09-26 14:00:00+00:00,Sweden - Division 1 Sodra,Skovde AIK,BK Olympic,2.71,3.79,2.18,1.4673,2.55
2026-09-26 10:57:53.885884+00:00,26/09/2026,1637090724,2026-09-26 14:00:00+00:00,England - League 2,Newport County,Grimsby Town,4.11,3.64,1.8772,1.8547,1.9901
2026-09-26 10:57:53.885884+00:00,26/09/2026,1637090728,2026-09-26 14:30:00+00:00,Spain - Primera Federacion,Cultural Leonesa,Coria,1.6944,3.53,4.57,2.05,1.7299
2026-09-26 10:57:53.885884+00:00,26/09/2026,1637090729,2026-09-26 14:30:00+00:00,Austria - Regionalliga South,Donau Klagenfurt,Wolfsberger AC II,2.89,3.9,1.9091,1.5495,2.22
2026-09-26 10:57:53.885884+00:00,26/09/2026,1637090730,2026-09-26 14:30:00+00:00,Belgium - 2nd Amateur Division,Entite Manageoise,RUS Binche,2.51,3.65,2.21,1.4785,2.39
2026-09-26 10:57:53.885884+00:00,26/09/2026,1637090732,2026-09-26 14:30:00+00:00,Austria - Landesliga,Nussdorfer AC,ASKO Kottmannsdorf,2.93,3.73,1.9434,,
2026-09-26 10:57:53.885884+00:00,26/09/2026,1637090734,2026-09-26 14:30:00+00:00,Netherlands - Eredivisie Women,Feyenoord,PEC Zwolle,2.0,3.54,3.22,1.6329,2.21
2026-09-26 10:57:53.885884+00:00,26/09/2026,1637090735,2026-09-26 14:30:00+00:00,Austria - Regionalliga Ost,Leobendorf,Wiener Viktoria,1.9901,3.43,3.02,1.6098,2.15
2026-09-26 10:57:53.885884+00:00,26/09/2026,1637090736,2026-09-26 14:30:00+00:00,Austria - Landesliga,SV Burmoos,SV Schwarzach,1.093,8.54,11.4,,
2026-09-26 10:57:53.885884+00:00,26/09/2026,1637090747,2026-09-26 15:00:00+00:00,Spain - Segunda Federacion,Amorebieta,Ourense CF,2.24,2.83,3.41,2.18,1.6494
2026-09-26 10:57:53.885884+00:00,26/09/2026,1637090749,2026-09-26 15:00:00+00:00,Austria - Landesliga,Wildon,Koflach,1.5882,4.16,3.91,,
2026-09-26 10:57:53.885884+00:00,26/09/2026,1637090750,2026-09-26 15:00:00+00:00,Mexico - U21 League,Tigres UANL,Puebla,1.9709,3.16,3.33,1.9346,1.7813
2026-09-26 10:57:53.885884+00:00,26/09/2026,1637090756,2026-09-26 15:00:00+00:00,Norway - Toppserien Women,Rosenborg,Aalesunds,2.07,3.67,2.97,1.5051,2.44
2026-09-26 10:57:53.885884+00:00,26/09/2026,1637090759,2026-09-26 15:00:00+00:00,Finland - Kakkonen Group B,MuSa,NJS,1.4695,4.96,4.46,,
2026-09-26 10:57:53.885884+00:00,26/09/2026,1637090766,2026-09-26 16:30:00+00:00,England - League 2,Oldham Athletic,Salford City,2.47,3.48,2.81,1.8065,2.03
2026-09-26 10:57:53.885884+00:00,26/09/2026,1637090768,2026-09-26 15:15:00+00:00,Spain - Segunda Federacion,Ebro,Terrassa,2.74,2.91,2.62,2.49,1.4878
2026-09-26 10:57:53.885884+00:00,26/09/2026,1637090772,2026-09-26 15:30:00+00:00,Chile - Primera B,Union San Felipe,Deportes Copiapo,2.84,3.05,2.43,2.1,1.6993
2026-09-26 10:57:53.885884+00:00,26/09/2026,1637090773,2026-09-26 15:30:00+00:00,Spain - Tercera Division,Casalarreina,Agoncillo,2.69,3.3,2.32,1.6369,2.16
2026-09-26 10:57:53.885884+00:00,26/09/2026,1637090778,2026-09-26 15:30:00+00:00,Italy - Serie C Group A,Novara,Ospitaletto,2.28,3.08,3.18,2.06,1.7353
2026-09-26 10:57:53.885884+00:00,26/09/2026,1637090779,2026-09-26 15:30:00+00:00,Italy - Serie C Group B,Livorno,Pianese,1.8197,3.5,4.1,2.09,1.7143
2026-09-26 10:57:53.885884+00:00,26/09/2026,1637090780,2026-09-26 15:30:00+00:00,Italy - Serie C Group C,Bari,Cosenza,1.2882,5.03,9.32,1.9091,1.8772
2026-09-26 10:57:53.885884+00:00,26/09/2026,1637090781,2026-09-26 15:30:00+00:00,Italy - Serie C Group A,Desenzano,Juventus Next Gen,2.47,3.35,2.67,1.9804,1.8264
2026-09-26 10:57:53.885884+00:00,26/09/2026,1637090802,2026-09-26 16:00:00+00:00,Austria - Regionalliga South,Kalsdorf,Tillmitsch,1.5102,4.11,4.51,1.4032,2.61
2026-09-26 10:57:53.885884+00:00,26/09/2026,1637095126,2026-09-26 15:00:00+00:00,Slovakia - 3. Liga,Nitra,Slovan Duslo Sala,1.093,7.9,12.98,,
2026-09-26 10:57:53.885884+00:00,26/09/2026,1637095128,2026-09-26 15:00:00+00:00,Switzerland - 1. Liga Classic,Meyrin,Oberwallis Naters,1.8333,4.08,3.17,,
2026-09-26 10:57:53.885884+00:00,26/09/2026,1637095129,2026-09-26 15:00:00+00:00,Mexico - U21 League,Chivas Guadalajara,Queretaro,1.5556,3.71,4.68,1.7246,1.9709
2026-09-26 10:57:53.885884+00:00,26/09/2026,1637095144,2026-09-26 15:15:00+00:00,Finland - Ykkonen,RoPS,SalPa,2.35,3.67,2.63,1.4016,2.8
2026-09-26 10:57:53.885884+00:00,26/09/2026,1637095154,2026-09-26 15:55:00+00:00,Arabian Gulf Cup,Kuwait,Iraq,7.44,3.93,1.4975,2.21,1.6803
2026-09-26 10:57:53.885884+00:00,26/09/2026,1637095163,2026-09-26 16:00:00+00:00,England - Women Super League,London City Lionesses,Brighton,1.7634,4.07,3.76,1.641,2.22
2026-09-26 10:57:53.885884+00:00,26/09/2026,1637095167,2026-09-26 16:00:00+00:00,Poland - 3rd Liga,ROW 1964 Rybnik,Stal Brzeg,1.7519,3.55,3.67,1.578,2.17
2026-09-26 10:57:53.885884+00:00,26/09/2026,1637095173,2026-09-26 16:00:00+00:00,Netherlands - Tweede Divisie,De Treffers,Spakenburg,1.9709,4.07,2.84,1.3704,2.83
2026-09-26 10:57:53.885884+00:00,26/09/2026,1637095185,2026-09-26 17:00:00+00:00,Ireland - National League,Villa FC,Newbridge Town,1.146,6.67,9.51,,
2026-09-26 10:57:53.885884+00:00,26/09/2026,1637095188,2026-09-26 16:00:00+00:00,Finland - Kakkonen Group B,EBK,GrIFK,1.9174,3.86,3.07,,
2026-09-26 10:57:53.885884+00:00,26/09/2026,1637095196,2026-09-26 16:30:00+00:00,Spain - Primera Division Women,Madrid CFF,Alaves,2.1,3.41,3.1,1.7813,1.9901
2026-09-26 10:57:53.885884+00:00,26/09/2026,1637095197,2026-09-26 16:30:00+00:00,Spain - Segunda Division,Celta Vigo II,Sabadell,3.57,3.35,2.2,2.1,1.7874
2026-09-26 10:57:53.885884+00:00,26/09/2026,1637095198,2026-09-26 16:30:00+00:00,Spain - Segunda Division,Tenerife,Cadiz,1.8772,3.38,4.84,2.42,1.6061
2026-09-26 10:57:53.885884+00:00,26/09/2026,1637095199,2026-09-26 16:30:00+00:00,Spain - Segunda Federacion,Sestao River,Atletico Astorga,1.7692,3.36,4.37,2.01,1.7576
2026-09-26 10:57:53.885884+00:00,26/09/2026,1637095200,2026-09-26 16:30:00+00:00,USA - National Womens Soccer League,Kansas City Current,Denver Summit,1.9434,3.82,3.17,1.4386,2.64
2026-09-26 10:57:53.885884+00:00,26/09/2026,1637095202,2026-09-26 16:45:00+00:00,Spain - Primera Federacion,Deportivo Fabril,Real Union,2.23,3.15,3.06,1.8772,1.9091
2026-09-26 10:57:53.885884+00:00,26/09/2026,1637095208,2026-09-26 17:00:00+00:00,Spain - Segunda Federacion,Barcelona Atletic,Pena Sport,1.1639,6.4,13.11,1.5435,2.32
2026-09-26 10:57:53.885884+00:00,26/09/2026,1637095209,2026-09-26 17:00:00+00:00,Spain - Segunda Federacion,Manresa,Logrones II,2.12,3.22,3.23,2.03,1.7752
2026-09-26 10:57:53.885884+00:00,26/09/2026,1637095210,2026-09-26 17:00:00+00:00,Ireland - National League Women,Wexford,Galway United,4.24,3.37,1.6849,1.9615,1.7634
2026-09-26 10:57:53.885884+00:00,26/09/2026,1637095211,2026-09-26 17:00:00+00:00,Switzerland - Promotion League,Biel-Bienne,Bavois,1.5464,4.32,4.66,,
2026-09-26 10:57:53.885884+00:00,26/09/2026,1637096642,2026-09-26 16:00:00+00:00,Slovakia - 2. Liga,Zlate Moravce,Petrzalka,2.3,3.38,2.77,1.7042,2.09
2026-09-26 10:57:53.885884+00:00,26/09/2026,1637096644,2026-09-26 16:00:00+00:00,Poland - U19 League,Escola Varsovia,Zaglebie Lubin,2.25,3.69,2.45,1.4202,2.55
2026-09-26 10:57:53.885884+00:00,26/09/2026,1637096648,2026-09-26 16:00:00+00:00,Spain - Segunda Federacion,Don Benito,Atletico Sanluqueno,1.9346,2.94,4.25,2.34,1.5464
2026-09-26 10:57:53.885884+00:00,26/09/2026,1637096649,2026-09-26 16:00:00+00:00,Uruguay - Segunda Division,Uruguay Montevideo,Rentistas,3.39,3.18,2.07,2.15,1.6711
2026-09-26 10:57:53.885884+00:00,26/09/2026,1637096650,2026-09-26 16:30:00+00:00,Slovenia - 2. SNL,Primorje,Triglav Kranj,6.57,5.44,1.2653,1.4902,2.36
2026-09-26 10:57:53.885884+00:00,26/09/2026,1637096665,2026-09-26 16:30:00+00:00,Norway - 3rd Division,Lokomotiv Oslo,Gamle Oslo,3.38,5.66,1.5319,,
2026-09-26 10:57:53.885884+00:00,26/09/2026,1637096670,2026-09-26 16:45:00+00:00,Spain - Primera Federacion,Arenas Club Getxo,Athletic Bilbao II,2.6,3.43,2.41,1.8333,1.9615
2026-09-26 10:57:53.885884+00:00,26/09/2026,1637096671,2026-09-26 16:45:00+00:00,Spain - Primera Federacion,Gimnastic,Sant Andreu,2.12,3.03,3.45,2.12,1.6849
2026-09-26 10:57:53.885884+00:00,26/09/2026,1637096678,2026-09-26 17:00:00+00:00,Norway - 3rd Division,Vard Haugesund,Fana,1.5952,4.08,3.93,,
2026-09-26 10:57:53.885884+00:00,26/09/2026,1637096682,2026-09-26 17:00:00+00:00,Switzerland - 1. Liga Classic,Prishtina Bern,Monthey,1.6369,4.24,3.86,,
2026-09-26 10:57:53.885884+00:00,26/09/2026,1637096683,2026-09-26 17:00:00+00:00,Netherlands - Derde Divisie,RBC,VVSB Noordwijkerhout,2.36,3.46,2.43,,
2026-09-26 10:57:53.885884+00:00,26/09/2026,1637096695,2026-09-26 17:30:00+00:00,Switzerland - Promotion League,Bulle,Schaffhausen,2.58,3.38,2.45,1.5128,2.42
2026-09-26 10:57:53.885884+00:00,26/09/2026,1637096700,2026-09-26 17:30:00+00:00,Belgium - 2nd Amateur Division,Ninove,KRC Gent,2.01,3.95,2.67,1.4292,2.53
2026-09-26 10:57:53.885884+00:00,26/09/2026,1637096722,2026-09-26 18:00:00+00:00,Netherlands - Eerste Divisie,Emmen,TOP Oss,1.5988,4.39,4.94,1.4608,2.7
2026-09-26 10:57:53.885884+00:00,26/09/2026,1637096723,2026-09-26 18:00:00+00:00,USA - USL League One,Charlotte Independence,Fort Wayne,1.6993,4.19,3.77,1.4132,2.72
2026-09-26 10:57:53.885884+00:00,26/09/2026,1637098256,2026-09-26 16:00:00+00:00,Spain - Segunda Federacion,Gimnastica Segoviana,San Sebastian Reyes,3.01,2.86,2.44,2.57,1.4608
2026-09-26 10:57:53.885884+00:00,26/09/2026,1637098259,2026-09-26 16:00:00+00:00,Spain - Primera Federacion Women,Alhama,Albacete,1.6098,3.53,4.52,1.8929,1.8197
2026-09-26 10:57:53.885884+00:00,26/09/2026,1637098261,2026-09-26 16:00:00+00:00,Finland - Ykkosliiga,HJK Klubi 04,JaPS,1.6211,4.61,4.51,1.4926,2.6
2026-09-26 10:57:53.885884+00:00,26/09/2026,1637098269,2026-09-26 16:30:00+00:00,Austria - Landesliga,First Vienna II,Sportunion Mauer,3.97,4.03,1.5952,1.4167,2.57
2026-09-26 10:57:53.885884+00:00,26/09/2026,1637098270,2026-09-26 16:30:00+00:00,Spain - Segunda Federacion,Orihuela,Castellon II,1.8065,3.56,3.88,1.6993,2.1
2026-09-26 10:57:53.885884+00:00,26/09/2026,1637098277,2026-09-26 17:00:00+00:00,Spain - Segunda Federacion,Betis Deportivo,Linares,1.7353,3.45,4.43,1.9434,1.8475
2026-09-26 10:57:53.885884+00:00,26/09/2026,1637098281,2026-09-26 17:00:00+00:00,Slovenia - 2. SNL,Tabor Sezana,Bistrica,1.4348,4.21,5.18,1.5848,2.19
2026-09-26 10:57:53.885884+00:00,26/09/2026,1637098291,2026-09-26 17:30:00+00:00,Belgium - 2nd Amateur Division,Union La Calamine,Acren-Lessines,1.9174,3.42,3.2,1.5556,2.21
2026-09-26 10:57:53.885884+00:00,26/09/2026,1637098316,2026-09-26 18:00:00+00:00,Belgium - First Amateur Division,Meux,Onhaye,1.9346,3.68,3.3,1.5291,2.38
2026-09-26 10:57:53.885884+00:00,26/09/2026,1637098323,2026-09-26 18:00:00+00:00,Netherlands - Eerste Divisie,Volendam,VVV Venlo,1.8547,4.26,3.59,1.346,3.21
2026-09-26 10:57:53.885884+00:00,26/09/2026,1637098324,2026-09-26 18:00:00+00:00,Netherlands - Eerste Divisie,Roda JC,RKC Waalwijk,2.52,3.54,2.7,1.6849,2.21
2026-09-26 10:57:53.885884+00:00,26/09/2026,1637098325,2026-09-26 18:00:00+00:00,Belgium - Super League Women,Oud-Heverlee Leuven,Club Brugge,1.8,3.56,3.45,1.7092,1.9901
2026-09-26 10:57:53.885884+00:00,26/09/2026,1637098326,2026-09-26 18:00:00+00:00,Mexico - Liga de Expansión MX,Cruz Azul Hidalgo,Leones Negros UDeG,2.53,3.66,2.62,1.6757,2.22
2026-09-26 10:57:53.885884+00:00,26/09/2026,1637098337,2026-09-26 18:30:00+00:00,Italy - Serie C Group A,Cittadella,Lecco,1.8547,3.36,4.12,2.09,1.7194
2026-09-26 10:57:53.885884+00:00,26/09/2026,1637098338,2026-09-26 18:30:00+00:00,Italy - Serie C Group C,Cavese,Savoia,2.11,3.03,3.64,2.28,1.6061
2026-09-26 10:57:53.885884+00:00,26/09/2026,1637098343,2026-09-26 18:45:00+00:00,France - Ligue 3,Bourg-en-Bresse,Concarneau,3.93,3.15,2.09,2.3,1.6329
2026-09-26 10:57:53.885884+00:00,26/09/2026,1637098349,2026-09-26 19:30:00+00:00,Brazil - Serie B,Nautico,Sport Recife,2.42,3.35,3.05,1.9346,1.9346
2026-09-26 10:57:53.885884+00:00,26/09/2026,1637105489,2026-09-26 17:30:00+00:00,Belgium - 2nd Amateur Division,Oudenaarde,Mechelen II,2.66,3.52,2.15,1.5618,2.2
2026-09-26 10:57:53.885884+00:00,26/09/2026,1637105510,2026-09-26 18:00:00+00:00,Belgium - 2nd Amateur Division,RCS Brainois,Union Namur,1.3205,4.77,6.25,1.4082,2.6
2026-09-26 10:57:53.885884+00:00,26/09/2026,1637105514,2026-09-26 18:00:00+00:00,Chile - Primera B,Cobreloa,Santiago Wanderers,1.7692,3.68,3.91,1.7463,2.03
2026-09-26 10:57:53.885884+00:00,26/09/2026,1637105515,2026-09-26 18:00:00+00:00,Netherlands - Eerste Divisie,Maastricht,Helmond Sport,2.21,3.61,3.12,1.6803,2.21
2026-09-26 10:57:53.885884+00:00,26/09/2026,1637105516,2026-09-26 18:00:00+00:00,Netherlands - Eerste Divisie,NAC Breda,FC Eindhoven,1.3745,5.24,7.14,1.4367,2.79
2026-09-26 10:57:53.885884+00:00,26/09/2026,1637105517,2026-09-26 18:00:00+00:00,Arabian Gulf Cup,Oman,Saudi Arabia,6.3,3.9,1.5618,2.36,1.6024
2026-09-26 10:57:53.885884+00:00,26/09/2026,1637105519,2026-09-26 18:06:00+00:00,Mexico - Liga MX Women,Queretaro,Atlas,2.83,3.37,2.34,1.6494,2.2
2026-09-26 10:57:53.885884+00:00,26/09/2026,1637105526,2026-09-26 18:45:00+00:00,France - Ligue 3,Valenciennes,Le Puy,2.31,3.36,3.14,1.8475,2.0
2026-09-26 10:57:53.885884+00:00,26/09/2026,1637105527,2026-09-26 18:45:00+00:00,France - Ligue 3,Villefranche,Versailles,3.35,3.48,2.15,1.9091,1.9259
2026-09-26 10:57:53.885884+00:00,26/09/2026,1637105528,2026-09-26 18:45:00+00:00,France - Ligue 3,Orleans,Cannes,2.98,3.08,2.57,2.01,1.8333
2026-09-26 10:57:53.885884+00:00,26/09/2026,1637105529,2026-09-26 18:45:00+00:00,France - Ligue 3,Paris 13 Atletico,Bastia,2.62,3.21,2.81,2.29,1.6369
2026-09-26 10:57:53.885884+00:00,26/09/2026,1637105530,2026-09-26 18:45:00+00:00,France - Ligue 3,Thionville Lusitanos,La Roche VF,2.69,3.35,2.64,1.9524,1.885
2026-09-26 10:57:53.885884+00:00,26/09/2026,1637105531,2026-09-26 19:00:00+00:00,Uruguay - Segunda Division,River Plate Montevideo,Colon,2.04,3.29,3.36,2.06,1.7299
2026-09-26 10:57:53.885884+00:00,26/09/2026,1637105533,2026-09-26 19:00:00+00:00,Scotland - Challenge Cup,Queen of the South,Rangers B,1.8065,3.84,3.43,1.3861,2.77
2026-09-26 10:57:53.885884+00:00,26/09/2026,1637105543,2026-09-26 20:00:00+00:00,Chile - Segunda Division,Lota Schwager,Provincial Ovalle,1.7463,3.41,3.85,2.1,1.6369
2026-09-26 10:57:53.885884+00:00,27/09/2026,1637105552,2026-09-26 21:00:00+00:00,USA - USL League One,Portland Hearts of Pine,Sarasota Paradise,2.4,3.49,2.53,1.6494,2.16
2026-09-26 10:57:53.885884+00:00,27/09/2026,1637105554,2026-09-26 23:00:00+00:00,USA - USL Championship,Indy Eleven,Miami FC,1.7042,4.27,4.17,1.4878,2.58
2026-09-26 10:57:53.885884+00:00,27/09/2026,1637105555,2026-09-27 02:00:00+00:00,USA - USL Championship,Monterey Bay,Lexington SC,3.18,3.67,2.13,1.6711,2.2
2026-09-26 10:57:53.885884+00:00,27/09/2026,1637105557,2026-09-27 01:00:00+00:00,USA - USL Championship,New Mexico United,Sacramento Republic,3.52,3.59,2.02,1.8475,1.9804
2026-09-26 10:57:53.885884+00:00,26/09/2026,1637110346,2026-09-26 18:45:00+00:00,France - Ligue 3,Quevilly,Amiens,2.99,3.36,2.4,2.26,1.6536
2026-09-26 10:57:53.885884+00:00,26/09/2026,1637110349,2026-09-26 19:00:00+00:00,Colombia - Primera B,Tigres,Real Santander,1.6536,3.65,5.03,2.08,1.7246
2026-09-26 10:57:53.885884+00:00,26/09/2026,1637110355,2026-09-26 19:30:00+00:00,Brazil - Serie B,Operario Ferroviario,Ceara,2.14,3.3,3.71,2.25,1.6849
2026-09-26 10:57:53.885884+00:00,26/09/2026,1637110361,2026-09-26 20:00:00+00:00,Brazil - Serie C,Floresta,Santa Cruz PE,2.64,2.59,3.07,3.34,1.289
2026-09-26 10:57:53.885884+00:00,26/09/2026,1637110363,2026-09-26 20:00:00+00:00,Canada - Premier League,HFX Wanderers,Atletico Ottawa,2.04,3.65,3.05,1.4651,2.56
2026-09-26 10:57:53.885884+00:00,27/09/2026,1637110370,2026-09-26 21:00:00+00:00,Guatemala - Liga Nacional,Guastatoya,Deportivo San Pedro,1.5181,3.6,6.46,2.25,1.6135
2026-09-26 10:57:53.885884+00:00,27/09/2026,1637110371,2026-09-26 22:00:00+00:00,Colombia - Primera B,Boca Juniors de Cali,Patriotas,2.6,2.94,2.84,2.19,1.6579
2026-09-26 10:57:53.885884+00:00,27/09/2026,1637110372,2026-09-27 03:05:00+00:00,Mexico - Liga MX,Santos Laguna,Pachuca,3.22,3.79,2.15,1.5988,2.41
2026-09-26 10:57:53.885884+00:00,27/09/2026,1637110373,2026-09-26 23:00:00+00:00,USA - USL Championship,Charleston Battery,Rhode Island,2.14,3.56,3.26,1.8333,1.9901
2026-09-26 10:57:53.885884+00:00,27/09/2026,1637110374,2026-09-27 03:10:00+00:00,Mexico - Liga MX,Tigres UANL,Puebla,1.5882,4.44,5.29,1.7246,2.19
2026-09-26 10:57:53.885884+00:00,27/09/2026,1637110377,2026-09-26 23:07:00+00:00,Mexico - Liga MX,Chivas Guadalajara,Queretaro,1.5747,4.43,5.47,1.6849,2.25
2026-09-26 10:57:53.885884+00:00,27/09/2026,1637110400,2026-09-27 02:00:00+00:00,USA - USL Championship,Orange County,Pittsburgh Riverhounds,3.06,3.12,2.46,2.43,1.5556
2026-09-26 10:57:53.885884+00:00,27/09/2026,1637110405,2026-09-26 22:00:00+00:00,Uruguay - Segunda Division,Club Oriental de La Paz,Fenix,3.05,2.67,2.57,2.32,1.5747
2026-09-26 10:57:53.885884+00:00,26/09/2026,1637110415,2026-09-26 14:00:00+00:00,Spain - Tercera Division,Real Aranjuez,Trival Valderas,3.87,3.05,1.9259,2.29,1.5682
2026-09-26 10:57:53.885884+00:00,26/09/2026,1637110419,2026-09-26 20:30:00+00:00,Chile - Cup,Nublense,Puerto Montt,1.6289,3.7,4.82,1.9434,1.8403
2026-09-26 10:57:53.885884+00:00,27/09/2026,1637110421,2026-09-26 23:00:00+00:00,Chile - Cup,Universidad Catolica,Union La Calera,1.6173,3.6,5.09,2.03,1.7519
2026-09-26 10:57:53.885884+00:00,27/09/2026,1637110422,2026-09-26 23:00:00+00:00,USA - USL League One,Greenville Triumph,Union Omaha,3.52,3.65,1.8696,1.6803,2.13
2026-09-26 10:57:53.885884+00:00,27/09/2026,1637110423,2026-09-26 23:00:00+00:00,USA - USL League One,New York Cosmos,Richmond Kickers,1.578,3.89,4.79,1.4878,2.46
2026-09-26 10:57:53.885884+00:00,27/09/2026,1637110424,2026-09-26 23:00:00+00:00,USA - USL League One,FC Naples,Chattanooga Red Wolves,2.28,3.36,2.81,1.8475,1.9346
2026-09-26 10:57:53.885884+00:00,27/09/2026,1637110429,2026-09-26 23:00:00+00:00,Mexico - Liga MX Women,Pachuca,Santos Laguna,1.1969,6.88,9.96,,
2026-09-26 10:57:53.885884+00:00,27/09/2026,1637110430,2026-09-26 23:00:00+00:00,Mexico - Liga de Expansión MX,Venados,Atletico Morelia,2.66,3.69,2.45,1.5587,2.43
2026-09-26 10:57:53.885884+00:00,26/09/2026,1637113311,2026-09-26 20:00:00+00:00,Brazil - Serie C,Botafogo PB,Maringa,2.56,3.14,2.62,2.0,1.7937
2026-09-26 10:57:53.885884+00:00,27/09/2026,1637113321,2026-09-27 18:00:00+00:00,Mexico - Liga MX,Pumas UNAM,Atletico San Luis,1.9804,3.66,3.66,1.7407,2.13
2026-09-26 10:57:53.885884+00:00,27/09/2026,1637113322,2026-09-27 02:00:00+00:00,USA - USL Championship,Oakland Roots,Phoenix Rising,2.47,3.48,2.76,1.7874,2.03
2026-09-26 10:57:53.885884+00:00,27/09/2026,1637113323,2026-09-27 00:30:00+00:00,USA - USL Championship,San Antonio,Tampa Bay Rowdies,3.4,3.29,2.18,2.05,1.7692
2026-09-26 10:57:53.885884+00:00,27/09/2026,1637113325,2026-09-26 23:00:00+00:00,USA - USL Championship,Detroit City,Colorado Springs Switchbacks,2.3,3.36,3.09,2.05,1.7752
2026-09-26 10:57:53.885884+00:00,27/09/2026,1637113347,2026-09-26 21:30:00+00:00,Bolivia - Cup,The Strongest,Guabira,1.3745,4.6,5.49,,
2026-09-26 10:57:53.885884+00:00,27/09/2026,1637113350,2026-09-26 21:30:00+00:00,Brazil - Serie B,Goias,Atletico Goianiense,2.66,3.07,2.97,2.52,1.5525
2026-09-26 10:57:53.885884+00:00,27/09/2026,1637113353,2026-09-26 22:00:00+00:00,Brazil - Rio Cup,Boavista RJ,Nova Iguacu,2.46,2.54,3.08,2.6,1.4082
2026-09-26 10:57:53.885884+00:00,27/09/2026,1637113354,2026-09-26 22:00:00+00:00,Mexico - Liga de Expansión MX,Tlaxcala,Cancun,2.37,3.53,2.91,1.9009,1.9346
2026-09-26 10:57:53.885884+00:00,26/09/2026,1637113357,2026-09-26 15:30:00+00:00,Spain - Segunda Federacion Women,Pozuelo de Alarcon,Femarguin,1.9901,3.32,3.1,1.641,2.1
2026-09-26 10:57:53.885884+00:00,27/09/2026,1637113362,2026-09-26 22:30:00+00:00,Brazil - Serie C,Inter de Limeira,Paysandu,2.06,3.05,3.58,2.21,1.6329
2026-09-26 10:57:53.885884+00:00,27/09/2026,1637113363,2026-09-26 22:30:00+00:00,USA - National Womens Soccer League,Washington Spirit,Angel City,2.09,3.35,3.17,1.6849,2.12
2026-09-26 10:57:53.885884+00:00,27/09/2026,1637113379,2026-09-27 00:00:00+00:00,Guatemala - Liga Nacional,Marquense,Malacateco,2.04,3.09,3.59,2.09,1.7092
2026-09-26 10:57:53.885884+00:00,27/09/2026,1637119110,2026-09-26 22:00:00+00:00,USA - USL League One,Forward Madison,Spokane Velocity,2.2,3.52,2.78,1.6944,2.09
2026-09-26 10:57:53.885884+00:00,27/09/2026,1637119120,2026-09-26 23:00:00+00:00,Canada - Premier League,Vancouver FC,Forge,3.54,3.31,1.9434,1.7634,1.9901
2026-09-26 10:57:53.885884+00:00,27/09/2026,1637119122,2026-09-27 00:00:00+00:00,El Salvador - Primera Division,Santa Tecla,Atletico Balboa,1.5025,3.51,4.75,1.7519,1.8929
2026-09-26 10:57:53.885884+00:00,27/09/2026,1637119128,2026-09-26 23:15:00+00:00,Panama - Primera Division,Universitario,UMECIT,2.41,3.0,2.92,2.52,1.4785
2026-09-26 10:57:53.885884+00:00,27/09/2026,1637119129,2026-09-27 00:00:00+00:00,Bolivia - Cup,Universitario de Vinto,Oriente Petrolero,2.52,3.35,2.33,1.4587,2.44
2026-09-26 10:57:53.885884+00:00,27/09/2026,1637119140,2026-09-27 10:00:00+00:00,Korea Republic - K League 1,Gangwon FC,Incheon United,2.45,3.21,3.14,2.56,1.5376
2026-09-26 10:57:53.885884+00:00,27/09/2026,1637119162,2026-09-27 01:00:00+00:00,Mexico - Liga de Expansión MX,Dorados,Alacranes de Durango,2.36,3.63,2.81,1.813,2.01
2026-09-26 10:57:53.885884+00:00,27/09/2026,1637119181,2026-09-27 02:10:00+00:00,Guatemala - Liga Nacional,Xelaju MC,Comunicaciones,1.6369,3.49,5.14,2.0,1.8
2026-09-26 10:57:53.885884+00:00,27/09/2026,1637119198,2026-09-27 04:00:00+00:00,Japan - Nadeshiko Division 2 Women,Yamato Sylphid,Diavorosso Hiroshima,4.99,3.52,1.5587,1.9901,1.7092
2026-09-26 10:57:53.885884+00:00,27/09/2026,1637131324,2026-09-27 00:30:00+00:00,USA - USL League One,Corpus Christi,Boise,2.9,3.46,2.18,1.6897,2.11
2026-09-26 10:57:53.885884+00:00,27/09/2026,1637131332,2026-09-27 00:45:00+00:00,USA - National Womens Soccer League,Portland Thorns,Houston Dash,1.4566,4.75,5.13,1.4545,2.59
2026-09-26 10:57:53.885884+00:00,27/09/2026,1637131351,2026-09-27 02:00:00+00:00,El Salvador - Primera Division,Isidro Metapan,Cacahuatique,1.4484,3.93,6.82,2.0,1.7937
2026-09-26 10:57:53.885884+00:00,27/09/2026,1637131352,2026-09-27 01:00:00+00:00,New Zealand - National League,Auckland FC II,Wellington Olympic,3.6,4.44,1.6944,,
2026-09-26 10:57:53.885884+00:00,27/09/2026,1637131356,2026-09-27 01:06:00+00:00,Mexico - Liga MX Women,FC Juarez,Club Tijuana,1.3953,4.62,6.58,1.5236,2.39
2026-09-26 10:57:53.885884+00:00,27/09/2026,1637131388,2026-09-27 04:00:00+00:00,Japan - Nadeshiko Division 2 Women,Renofa Yamaguchi,Speranza Osaka Takatsuki,2.38,2.94,2.74,2.05,1.6711
2026-09-26 10:57:53.885884+00:00,27/09/2026,1637131441,2026-09-27 01:30:00+00:00,Panama - Primera Division,Tauro,San Francisco,2.59,2.78,2.89,2.31,1.5814
2026-09-26 10:57:53.885884+00:00,26/09/2026,1637131473,2026-09-26 20:00:00+00:00,Morocco - Botola Pro,Wydad AC,Wydad Temara,1.431,3.6,8.87,2.05,1.7299
2026-09-26 10:57:53.885884+00:00,27/09/2026,1637136122,2026-09-27 06:00:00+00:00,Japan - Football League,Verspah Oita,Azul Claro Numazu,2.35,3.07,2.83,2.21,1.6098
2026-09-26 10:57:53.885884+00:00,27/09/2026,1637136166,2026-09-27 08:00:00+00:00,Japan - Football League,Criacao Shinjuku,Okinawa SV,2.72,3.11,2.41,2.07,1.6944
2026-09-26 10:57:53.885884+00:00,27/09/2026,1637136176,2026-09-27 08:15:00+00:00,Czech Republic - 3. Liga,Dukla Prague II,Bohemians 1905 II,1.9009,3.78,3.17,1.4167,2.65
2026-09-26 10:57:53.885884+00:00,27/09/2026,1637136177,2026-09-27 08:15:00+00:00,Czech Republic - 3. Liga,Jablonec II,Hradec Kralove II,1.9804,3.67,3.04,1.578,2.23
2026-09-26 10:57:53.885884+00:00,27/09/2026,1637136185,2026-09-27 08:30:00+00:00,Slovakia - 2. Liga,Slovan Bratislava II,Tatran Presov,2.76,3.41,2.3,1.8403,1.9524
2026-09-26 10:57:53.885884+00:00,27/09/2026,1637136188,2026-09-27 08:30:00+00:00,Slovakia - 2. Liga,Malzenice,Tatran Liptovsky Mikulas,2.33,3.69,2.56,1.5882,2.25
2026-09-26 10:57:53.885884+00:00,27/09/2026,1637137657,2026-09-27 08:15:00+00:00,Czech Republic - 3. Liga,Havirov,Unicov,3.26,4.05,1.813,1.6579,2.12
2026-09-26 10:57:53.885884+00:00,27/09/2026,1637137691,2026-09-27 10:00:00+00:00,Spain - Segunda Federacion,Poblense,Valencia Mestalla,2.24,3.19,3.01,2.29,1.5917
2026-09-26 10:57:53.885884+00:00,27/09/2026,1637137698,2026-09-27 10:00:00+00:00,Sweden - Division 1 Norra,Umea,FBK Karlstad,2.62,3.46,2.37,1.6211,2.23
2026-09-26 10:57:53.885884+00:00,27/09/2026,1637137708,2026-09-27 11:00:00+00:00,Sweden - Damallsvenskan,Rosengard,Pitea IF,2.07,3.44,3.15,1.813,1.9804
2026-09-26 10:57:53.885884+00:00,27/09/2026,1637137709,2026-09-27 11:00:00+00:00,Spain - Segunda Federacion,Las Palmas Atletico,Badajoz,2.42,2.96,2.93,2.21,1.6289
2026-09-26 10:57:53.885884+00:00,27/09/2026,1637143658,2026-09-27 09:00:00+00:00,Japan - Football League,Honda,YSCC Yokohama,1.7463,3.6,3.92,1.8475,1.9091
2026-09-26 10:57:53.885884+00:00,27/09/2026,1637143662,2026-09-27 09:30:00+00:00,Spain - Segunda Federacion,Cieza,Atletico Baleares,2.58,2.99,2.71,2.2,1.6369
2026-09-26 10:57:53.885884+00:00,27/09/2026,1637143684,2026-09-27 10:00:00+00:00,Spain - Primera Federacion,Barakaldo,Real Aviles,1.885,3.39,3.74,1.9174,1.8696
2026-09-26 10:57:53.885884+00:00,27/09/2026,1637143685,2026-09-27 10:00:00+00:00,FIFA - ASEAN Cup Division 2,Cambodia,Myanmar,2.19,3.79,2.6,1.7143,2.04
2026-09-26 10:57:53.885884+00:00,27/09/2026,1637143686,2026-09-27 10:00:00+00:00,Spain - Segunda Federacion,Mijas-Las Lagunas,Tamaraceite,1.9174,3.19,3.91,2.04,1.7353
2026-09-26 10:57:53.885884+00:00,27/09/2026,1637143687,2026-09-27 10:00:00+00:00,Spain - Segunda Federacion,Atletico Albacete,Atletico Paso,1.9434,3.2,3.76,2.07,1.7143
2026-09-26 10:57:53.885884+00:00,27/09/2026,1637143688,2026-09-27 10:00:00+00:00,Spain - Segunda Federacion,Real Oviedo II,Gimnastica de Torrelavega,1.7463,3.42,4.42,2.01,1.7937
2026-09-26 10:57:53.885884+00:00,27/09/2026,1637143690,2026-09-27 16:00:00+00:00,Spain - Segunda Federacion,Utebo,Reus Reddis,2.14,3.2,3.21,2.13,1.6803
2026-09-26 10:57:53.885884+00:00,27/09/2026,1637143699,2026-09-27 10:30:00+00:00,Italy - Serie C Group C,Barletta,Potenza,2.63,3.23,2.57,1.8621,1.9434
2026-09-26 10:57:53.885884+00:00,27/09/2026,1637143700,2026-09-27 10:30:00+00:00,Italy - Serie C Group C,Casertana,Catania,2.94,3.09,2.41,2.08,1.7246
2026-09-26 10:57:53.885884+00:00,27/09/2026,1637143702,2026-09-27 11:00:00+00:00,Sweden - Division 1 Norra,Arlanda,Enkopings,1.8197,3.87,3.51,1.5076,2.44
2026-09-26 10:57:53.885884+00:00,27/09/2026,1637143703,2026-09-27 11:00:00+00:00,Sweden - Division 1 Sodra,Eskilsminne,AFC Malmo,3.11,3.9,1.9524,1.4808,2.51
2026-09-26 10:57:53.885884+00:00,27/09/2026,1637143719,2026-09-27 12:00:00+00:00,Spain - Segunda Division,Real Valladolid,Cordoba,2.33,3.4,3.06,1.9174,1.9346
2026-09-26 10:57:53.885884+00:00,27/09/2026,1637143720,2026-09-27 12:00:00+00:00,England - Women Super League,Manchester United,West Ham United,1.5682,4.4,4.7,1.6173,2.26
2026-09-26 10:57:53.885884+00:00,27/09/2026,1637143741,2026-09-27 13:00:00+00:00,Belgium - First Amateur Division,Oud-Heverlee Leuven II,Lyra-Lierse Berlaar,1.6849,4.09,3.93,,
2026-09-26 10:57:53.885884+00:00,27/09/2026,1637143744,2026-09-27 13:00:00+00:00,England - Women Super League,Birmingham City,Crystal Palace,1.6667,3.87,4.53,1.6897,2.13
2026-09-26 10:57:53.885884+00:00,27/09/2026,1637145946,2026-09-27 09:00:00+00:00,Japan - Football League,Iwate Grulla Morioka,Maruyasu Okazaki,2.37,3.21,2.7,1.9524,1.8065
2026-09-26 10:57:53.885884+00:00,27/09/2026,1637145961,2026-09-27 09:30:00+00:00,Spain - Segunda Federacion,Pena Deportiva,Real Murcia Imperial,1.6061,3.61,5.21,1.9804,1.813
2026-09-26 10:57:53.885884+00:00,27/09/2026,1637145962,2026-09-27 09:30:00+00:00,Spain - Segunda Federacion,Atletico Madrid III,Real Madrid III,2.33,3.46,2.67,1.9524,1.8333
2026-09-26 10:57:53.885884+00:00,27/09/2026,1637145963,2026-09-27 09:30:00+00:00,Spain - Segunda Federacion,La Nucia,Mallorca II,1.6536,3.28,5.49,2.4,1.5208
2026-09-26 10:57:53.885884+00:00,27/09/2026,1637145979,2026-09-27 10:00:00+00:00,Spain - Primera Division Women,Athletic Bilbao,Atletico Madrid,3.11,3.26,2.16,1.8,2.0
2026-09-26 10:57:53.885884+00:00,27/09/2026,1637145981,2026-09-27 10:00:00+00:00,Spain - Primera Division Women,Valencia,Tenerife,4.42,3.31,1.7752,2.17,1.6536
2026-09-26 10:57:53.885884+00:00,27/09/2026,1637145982,2026-09-27 10:00:00+00:00,Spain - Segunda Federacion,UCAM Murcia,Intercity,1.8547,3.29,4.03,2.02,1.7813
2026-09-26 10:57:53.885884+00:00,27/09/2026,1637145983,2026-09-27 10:00:00+00:00,Spain - Segunda Federacion,Tenerife II,Estepona,2.26,3.14,3.03,1.8547,1.9346
2026-09-26 10:57:53.885884+00:00,27/09/2026,1637145992,2026-09-27 10:15:00+00:00,Netherlands - Eredivisie Women,AZ Alkmaar,FC Twente,8.07,5.59,1.2591,,
2026-09-26 10:57:53.885884+00:00,27/09/2026,1637145994,2026-09-27 10:30:00+00:00,Spain - Segunda Federacion,Llanera,Rayo Cantabria,2.42,3.37,2.62,1.8197,1.9804
2026-09-26 10:57:53.885884+00:00,27/09/2026,1637146000,2026-09-27 11:00:00+00:00,Sweden - Division 1 Sodra,Trelleborgs,Angelholms,1.3344,5.14,6.77,1.5814,2.27
2026-09-26 10:57:53.885884+00:00,27/09/2026,1637146002,2026-09-27 11:00:00+00:00,Norway - 2nd Division,Arendal,Brattvag,2.88,3.54,2.16,1.5025,2.45
2026-09-26 10:57:53.885884+00:00,27/09/2026,1637146004,2026-09-27 11:00:00+00:00,Denmark - 2nd Division,Naestved,Middelfart,2.23,3.3,2.94,1.8621,1.9259
2026-09-26 10:57:53.885884+00:00,27/09/2026,1637146035,2026-09-27 12:30:00+00:00,Netherlands - Eerste Divisie,De Graafschap,Den Bosch,2.03,3.97,3.1,1.2762,3.56
2026-09-26 10:57:53.885884+00:00,27/09/2026,1637146037,2026-09-27 12:30:00+00:00,Norway - 2nd Division,Eik Tonsberg,Bjarg,5.29,6.65,1.3175,,
2026-09-26 10:57:53.885884+00:00,27/09/2026,1637146039,2026-09-27 12:30:00+00:00,Italy - Serie C Group B,Ostiamare,Forli,2.23,3.4,2.98,1.7407,2.06
2026-09-26 10:57:53.885884+00:00,27/09/2026,1637146446,2026-09-27 11:00:00+00:00,Sweden - Damallsvenskan,Brommapojkarna,Malmo,6.77,4.7,1.3676,1.4464,2.61
2026-09-26 10:57:53.885884+00:00,27/09/2026,1637146448,2026-09-27 11:00:00+00:00,China - League One,Shaanxi Union,Dalian K'un City,1.9434,3.45,3.64,1.7407,2.06
2026-09-26 10:57:53.885884+00:00,27/09/2026,1637146463,2026-09-27 12:00:00+00:00,Norway - 2nd Division,Lorenskog,Skeid,2.12,3.57,2.94,1.5348,2.37
2026-09-26 10:57:53.885884+00:00,27/09/2026,1637146475,2026-09-27 12:30:00+00:00,Italy - Serie C Group A,Brescia,Dolomiti Bellunesi,1.3861,4.27,8.27,2.04,1.7576
2026-09-26 10:57:53.885884+00:00,27/09/2026,1637146477,2026-09-27 12:30:00+00:00,Italy - Serie C Group B,Ravenna,Gubbio,1.3846,4.5,7.52,1.8,2.01
2026-09-26 10:57:53.885884+00:00,27/09/2026,1637146487,2026-09-27 13:00:00+00:00,Belgium - First Amateur Division,Cercle Brugge II,KVK Tienen,2.04,3.44,3.21,1.6329,2.21
2026-09-26 10:57:53.885884+00:00,27/09/2026,1637146490,2026-09-27 13:00:00+00:00,England - Women Super League,Liverpool,Everton,1.885,3.43,3.88,2.01,1.8065
2026-09-26 10:57:53.885884+00:00,27/09/2026,1637146544,2026-09-27 14:00:00+00:00,Spain - Primera Division Women,Sevilla,Eibar,1.7576,3.32,4.49,2.34,1.5435
2026-09-26 10:57:53.885884+00:00,27/09/2026,1637146545,2026-09-27 14:00:00+00:00,Spain - Primera Federacion,Mirandes,Unionistas de Salamanca,1.4587,4.08,6.23,1.7692,2.0
2026-09-26 10:57:53.885884+00:00,27/09/2026,1637148464,2026-09-27 13:00:00+00:00,England - Women Super League,Tottenham Hotspur,Aston Villa,1.6369,3.96,4.65,1.5376,2.39
2026-09-26 10:57:53.885884+00:00,27/09/2026,1637148492,2026-09-27 13:30:00+00:00,Spain - Segunda Federacion,Eibar II,Compostela,2.06,3.07,3.57,2.2,1.6369
2026-09-26 10:57:53.885884+00:00,27/09/2026,1637148514,2026-09-27 14:00:00+00:00,Sweden - Division 1 Norra,Gefle,Vasalunds,2.28,3.47,2.75,1.6803,2.13
2026-09-26 10:57:53.885884+00:00,27/09/2026,1637148515,2026-09-27 14:00:00+00:00,Spain - Primera Federacion,CE Europa,Rayo Majadahonda,2.18,3.02,3.04,2.19,1.5988
2026-09-26 10:57:53.885884+00:00,27/09/2026,1637148516,2026-09-27 14:00:00+00:00,Brazil - Serie B,Criciuma,Avai,1.6711,3.66,5.29,2.06,1.7813
2026-09-26 10:57:53.885884+00:00,27/09/2026,1637148534,2026-09-27 14:15:00+00:00,Spain - Segunda Division,Mallorca,Almeria,2.09,3.19,3.86,1.9434,1.9091
2026-09-26 10:57:53.885884+00:00,27/09/2026,1637148812,2026-09-27 14:00:00+00:00,Sweden - Division 1 Norra,IF Karlstad,Karlbergs,1.578,4.06,4.72,1.6944,2.11
2026-09-26 10:57:53.885884+00:00,27/09/2026,1637148817,2026-09-27 14:00:00+00:00,Switzerland - Promotion League,Bellinzona,Breitenrain,2.11,3.73,2.86,1.5435,2.35
2026-09-26 10:57:53.885884+00:00,26/09/2026,1637148820,2026-09-26 14:00:00+00:00,Slovenia - 3. SNL,Svoboda Ljubljana,Sencur,4.19,5.59,1.4098,1.3704,2.73
2026-09-26 10:57:53.885884+00:00,27/09/2026,1637151313,2026-09-27 14:00:00+00:00,Norway - 2nd Division,Levanger,Grorud,1.625,3.94,4.48,1.4348,2.65
2026-09-26 10:57:53.885884+00:00,26/09/2026,1637151314,2026-09-26 14:00:00+00:00,Slovenia - 3. SNL,NK Lesce,Vipava,1.9091,3.76,2.99,1.4673,2.42
2026-09-26 10:57:53.885884+00:00,27/09/2026,1637151326,2026-09-27 14:00:00+00:00,Iceland - Urvalsdeild Women,Throttur Reykjavik,Stjarnan,2.08,3.63,2.99,1.5236,2.4
2026-09-26 10:57:53.885884+00:00,27/09/2026,1637151349,2026-09-27 14:45:00+00:00,Netherlands - Eredivisie Women,Heerenveen,Utrecht,1.9804,3.61,3.23,1.4878,2.49
2026-09-26 10:57:53.885884+00:00,27/09/2026,1637151373,2026-09-27 15:00:00+00:00,Spain - Segunda Federacion,Marino de Luanco,Basconia,2.87,2.96,2.47,2.04,1.7407
2026-09-26 10:57:53.885884+00:00,27/09/2026,1637151374,2026-09-27 15:00:00+00:00,Spain - Segunda Federacion,Girona II,Osasuna II,2.31,3.27,2.84,2.33,1.5525
2026-09-26 10:57:53.885884+00:00,27/09/2026,1637151378,2026-09-27 15:00:00+00:00,Spain - Segunda Federacion,Naxara,Barbastro,3.14,3.05,2.21,2.23,1.6135
2026-09-26 10:57:53.885884+00:00,27/09/2026,1637151400,2026-09-27 15:30:00+00:00,England - Women Super League,Chelsea,Arsenal,2.41,3.43,2.64,1.6803,2.12
2026-09-26 10:57:53.885884+00:00,27/09/2026,1637151405,2026-09-27 15:30:00+00:00,Italy - Serie C Group C,Scafatese,Team Altamura,1.7813,3.18,4.95,2.18,1.6623
2026-09-26 10:57:53.885884+00:00,27/09/2026,1637151406,2026-09-27 15:30:00+00:00,Italy - Serie C Group A,Renate,Treviso,2.32,3.1,3.09,2.06,1.7353
2026-09-26 10:57:53.885884+00:00,27/09/2026,1637152100,2026-09-27 15:00:00+00:00,Spain - Segunda Federacion,SD Logrones,Olot,2.4,2.83,3.1,2.68,1.4255
2026-09-26 10:57:53.885884+00:00,27/09/2026,1637152102,2026-09-27 15:00:00+00:00,Spain - Segunda Federacion,Salamanca UDS,RSD Alcala SAD,2.25,3.06,3.12,2.09,1.7042
2026-09-26 10:57:53.885884+00:00,27/09/2026,1637152103,2026-09-27 15:00:00+00:00,Spain - Segunda Federacion,Talavera,Real Valladolid Promesas,2.09,3.05,3.51,2.2,1.641
2026-09-26 10:57:53.885884+00:00,27/09/2026,1637152104,2026-09-27 15:00:00+00:00,Spain - Segunda Federacion,Bergantinos,Club Portugalete,2.31,2.94,3.14,2.28,1.5952
2026-09-26 10:57:53.885884+00:00,27/09/2026,1637152107,2026-09-27 15:00:00+00:00,Spain - Segunda Federacion,Calamocha,Tudelano,2.91,2.86,2.36,2.24,1.5714
2026-09-26 10:57:53.885884+00:00,27/09/2026,1637152108,2026-09-27 15:00:00+00:00,Spain - Segunda Federacion,Real Avila,Getafe II,2.26,2.98,3.19,2.17,1.6579
2026-09-26 10:57:53.885884+00:00,27/09/2026,1637152109,2026-09-27 15:00:00+00:00,Spain - Segunda Federacion,Coruxo,Gernika,2.03,2.89,3.94,2.34,1.5464
2026-09-26 10:57:53.885884+00:00,27/09/2026,1637152133,2026-09-27 15:30:00+00:00,Italy - Serie C Group B,Perugia,Reggiana,3.13,2.99,2.36,2.17,1.6667
2026-09-26 10:57:53.885884+00:00,27/09/2026,1637152134,2026-09-27 15:30:00+00:00,Italy - Serie C Group A,Carpi,Arzignano Valchiampo,2.82,3.03,2.55,2.17,1.6667
2026-09-26 10:57:53.885884+00:00,27/09/2026,1637152157,2026-09-27 16:00:00+00:00,Spain - Primera Division Women,Deportivo La Coruna,Espanyol,2.07,3.07,3.53,2.35,1.5435
2026-09-26 10:57:53.885884+00:00,27/09/2026,1637152158,2026-09-27 16:00:00+00:00,Spain - Segunda Federacion,Calvo Sotelo Puertollano,Tordesillas,2.09,3.09,3.45,2.12,1.6897
2026-09-26 10:57:53.885884+00:00,27/09/2026,1637152159,2026-09-27 16:00:00+00:00,Spain - Segunda Federacion,Navalcarnero,Conquense,2.72,2.77,2.76,2.44,1.5076
2026-09-26 10:57:53.885884+00:00,27/09/2026,1637152172,2026-09-27 16:15:00+00:00,Spain - Primera Federacion,Merida,UD Logrones,2.44,3.06,2.82,2.26,1.6061
2026-09-26 10:57:53.885884+00:00,27/09/2026,1637152182,2026-09-27 17:00:00+00:00,Spain - Primera Federacion,Teruel,Huesca,4.14,2.82,1.9091,2.49,1.4525
2026-09-26 10:57:53.885884+00:00,27/09/2026,1637152183,2026-09-27 17:00:00+00:00,Spain - Segunda Federacion,Antoniano,Ciudad de Lucena,2.31,2.85,3.25,2.34,1.565
2026-09-26 10:57:53.885884+00:00,27/09/2026,1637152184,2026-09-27 17:00:00+00:00,Spain - Segunda Federacion,Atletico Central,Sevilla II,2.89,2.91,2.49,2.25,1.6135
2026-09-26 10:57:53.885884+00:00,27/09/2026,1637154225,2026-09-27 15:00:00+00:00,Spain - Segunda Federacion,Espanyol II,Arnedo,1.2299,5.47,10.04,1.6329,2.19
2026-09-26 10:57:53.885884+00:00,27/09/2026,1637154227,2026-09-27 15:00:00+00:00,Spain - Segunda Federacion,Arosa,Alaves II,2.41,3.19,2.75,2.07,1.7194
2026-09-26 10:57:53.885884+00:00,27/09/2026,1637154253,2026-09-27 15:30:00+00:00,Chile - Cup,Antofagasta,Deportes Iquique,1.9174,3.28,3.77,2.1,1.6944
2026-09-26 10:57:53.885884+00:00,27/09/2026,1637154257,2026-09-27 15:30:00+00:00,Italy - Serie C Group B,Vis Pesaro,Guidonia Montecelio,3.75,3.02,2.08,2.05,1.7463
2026-09-26 10:57:53.885884+00:00,27/09/2026,1637154271,2026-09-27 16:00:00+00:00,Spain - Segunda Federacion,Alcoyano,Minera,2.06,2.87,3.88,2.59,1.4545
2026-09-26 10:57:53.885884+00:00,27/09/2026,1637154277,2026-09-27 16:15:00+00:00,Spain - Primera Federacion,Pontevedra,Ponferradina,2.06,3.01,3.65,2.26,1.6061
2026-09-26 10:57:53.885884+00:00,27/09/2026,1637154302,2026-09-27 18:00:00+00:00,Arabian Gulf Cup,Bahrain,United Arab Emirates,5.61,4.01,1.5464,1.9804,1.8197
2026-09-26 10:57:53.885884+00:00,27/09/2026,1637154307,2026-09-27 18:30:00+00:00,Italy - Serie C Group C,Casarano,Monopoli,2.41,3.13,2.92,1.9091,1.8929
2026-09-26 10:57:53.885884+00:00,27/09/2026,1637154310,2026-09-27 19:00:00+00:00,Guatemala - Liga Nacional,Coban Imperial,Aurora FC,1.6061,3.65,5.11,1.9174,1.8621
2026-09-26 10:57:53.885884+00:00,27/09/2026,1637154311,2026-09-27 19:00:00+00:00,Uruguay - Segunda Division,Cerrito,La Luz,2.19,3.02,3.29,2.29,1.5917
2026-09-26 10:57:53.885884+00:00,27/09/2026,1637154313,2026-09-27 19:00:00+00:00,Argentina - Primera B Nacional,Patronato,San Martin de San Juan,2.73,2.75,2.98,2.97,1.3745
2026-09-26 10:57:53.885884+00:00,27/09/2026,1637154781,2026-09-27 15:55:00+00:00,Arabian Gulf Cup,Yemen,Qatar,8.17,6.21,1.2519,1.3425,3.05
2026-09-26 10:57:53.885884+00:00,27/09/2026,1637154793,2026-09-27 16:00:00+00:00,Spain - Segunda Federacion,Puente Genil,Marbella,2.67,2.81,2.77,2.12,1.6849
2026-09-26 10:57:53.885884+00:00,27/09/2026,1637154794,2026-09-27 15:30:00+00:00,Norway - 2nd Division,Honefoss,Tromsdalen,1.5405,4.35,4.68,,
2026-09-26 10:57:53.885884+00:00,27/09/2026,1637154796,2026-09-27 16:00:00+00:00,Uruguay - Segunda Division,Atenas,Plaza Colonia,2.89,2.89,2.5,2.45,1.5025
2026-09-26 10:57:53.885884+00:00,27/09/2026,1637154807,2026-09-27 16:30:00+00:00,Spain - Segunda Division,Burgos,Eldense,1.9091,3.38,4.29,2.12,1.7519
2026-09-26 10:57:53.885884+00:00,27/09/2026,1637154808,2026-09-27 16:30:00+00:00,Spain - Segunda Division,Eibar,Las Palmas,2.0,3.19,4.22,1.9615,1.8929
2026-09-26 10:57:53.885884+00:00,27/09/2026,1637154814,2026-09-27 17:00:00+00:00,Spain - Segunda Federacion,Recreativo Huelva,Xerez,1.7874,3.14,4.66,2.48,1.4902
2026-09-26 10:57:53.885884+00:00,27/09/2026,1637154816,2026-09-27 17:00:00+00:00,Spain - Segunda Federacion,Lorca Deportiva,Castellonense,1.7246,3.21,4.97,2.26,1.6024
2026-09-26 10:57:53.885884+00:00,27/09/2026,1637154831,2026-09-27 18:30:00+00:00,Italy - Serie C Group B,Pescara,Spezia,2.8,3.34,2.37,1.7092,2.11
2026-09-26 10:57:53.885884+00:00,27/09/2026,1637154833,2026-09-27 19:00:00+00:00,Spain - Segunda Division,Real Oviedo,Sporting Gijon,2.04,3.15,4.1,2.53,1.5405
2026-09-26 10:57:53.885884+00:00,27/09/2026,1637154834,2026-09-27 19:00:00+00:00,Brazil - Serie B,CRB,Cuiaba,1.9174,3.36,4.19,2.18,1.6993
2026-09-26 10:57:53.885884+00:00,27/09/2026,1637154836,2026-09-27 19:00:00+00:00,Colombia - Primera B,Envigado,Atletico Cali,1.4202,4.07,7.79,2.03,1.7634
2026-09-26 10:57:53.885884+00:00,28/09/2026,1637154864,2026-09-27 21:00:00+00:00,USA - National Womens Soccer League,Bay FC,Orlando Pride,2.21,3.51,2.82,1.5917,2.25
2026-09-26 10:57:53.885884+00:00,28/09/2026,1637154865,2026-09-27 21:00:00+00:00,El Salvador - Primera Division,CD Platense,Fuerte San Francisco,1.9901,3.12,3.71,2.15,1.6667
2026-09-26 10:57:53.885884+00:00,27/09/2026,1637155055,2026-09-27 18:00:00+00:00,Canada - Premier League,Inter Toronto,Pacific,2.01,3.78,3.04,1.5181,2.41
2026-09-26 10:57:53.885884+00:00,27/09/2026,1637155057,2026-09-27 18:00:00+00:00,Morocco - Botola Pro,Maghreb Fes,Renaissance Zemamra,1.9091,3.04,4.18,2.56,1.463
2026-09-26 10:57:53.885884+00:00,27/09/2026,1637155060,2026-09-27 18:30:00+00:00,Spain - Primera Federacion,Real Madrid Castilla,Alcorcon,1.9524,3.18,3.75,1.9709,1.8264
2026-09-26 10:57:53.885884+00:00,27/09/2026,1637155061,2026-09-27 18:30:00+00:00,Italy - Serie C Group A,Albinoleffe,Alcione,2.16,3.04,3.48,2.28,1.6061
2026-09-26 10:57:53.885884+00:00,27/09/2026,1637155062,2026-09-27 18:30:00+00:00,Italy - Serie C Group C,Foggia,Sorrento,2.11,3.0,3.69,2.27,1.6135
2026-09-26 10:57:53.885884+00:00,27/09/2026,1637155072,2026-09-27 19:30:00+00:00,Argentina - Primera B Nacional,Deportivo Maipu,Temperley,2.03,3.1,3.97,2.57,1.4926
2026-09-26 10:57:53.885884+00:00,27/09/2026,1637155075,2026-09-27 20:00:00+00:00,Morocco - Botola Pro,KAC Marrakech,Hassania Agadir,2.48,2.61,3.27,2.67,1.4274
2026-09-26 10:57:53.885884+00:00,27/09/2026,1637155077,2026-09-27 20:00:00+00:00,Argentina - Primera B Nacional,Racing de Cordoba,Godoy Cruz,2.83,2.8,2.82,2.82,1.4115
2026-09-26 10:57:53.885884+00:00,28/09/2026,1637155080,2026-09-27 21:00:00+00:00,Guatemala - Liga Nacional,Deportivo Mixco,Antigua GFC,2.53,2.54,3.3,2.08,1.7092
2026-09-26 10:57:53.885884+00:00,28/09/2026,1637155081,2026-09-27 21:00:00+00:00,Panama - Primera Division,Union Cocle,Plaza Amador,5.02,3.75,1.5952,1.8621,1.9259
2026-09-26 10:57:53.885884+00:00,26/09/2026,1637155106,2026-09-26 13:00:00+00:00,Paraguay - Division Intermedia,Club Sol de America,Encarnacion,1.6536,3.35,4.35,2.14,1.6024
2026-09-26 10:57:53.885884+00:00,26/09/2026,1637155107,2026-09-26 19:00:00+00:00,Argentina - Primera B Nacional,Club Ciudad de Bolivar,Chaco For Ever,2.47,2.86,3.39,2.99,1.3876
2026-09-26 10:57:53.885884+00:00,27/09/2026,1637155108,2026-09-26 23:00:00+00:00,Argentina - Primera B Nacional,Colegiales,Chacarita Juniors,1.8772,3.16,4.79,2.89,1.4016
2026-09-26 10:57:53.885884+00:00,26/09/2026,1637155109,2026-09-26 18:00:00+00:00,Argentina - Primera B Metropolitana,Arsenal de Sarandi,Liniers,1.4405,3.69,7.15,2.25,1.5917
2026-09-26 10:57:53.885884+00:00,27/09/2026,1637155110,2026-09-26 22:00:00+00:00,Argentina - Primera B Nacional,Deportivo Madryn,Central Norte,1.6289,3.52,6.37,2.63,1.4926
2026-09-26 10:57:53.885884+00:00,26/09/2026,1637155111,2026-09-26 18:00:00+00:00,Argentina - Primera B Metropolitana,Brown de Adrogue,Deportivo Camioneros,2.48,2.76,2.95,2.97,1.3367
2026-09-26 10:57:53.885884+00:00,28/09/2026,1637155112,2026-09-27 21:30:00+00:00,Brazil - Serie B,Fortaleza,Athletic Club,1.6536,3.53,5.78,2.29,1.6369
2026-09-26 10:57:53.885884+00:00,28/09/2026,1637155135,2026-09-27 23:00:00+00:00,USA - USL League One,One Knoxville,Westchester SC,1.6667,3.96,4.16,1.5435,2.35
2026-09-26 10:57:53.885884+00:00,26/09/2026,1637155139,2026-09-26 19:00:00+00:00,Argentina - Supercopa Internacional,Estudiantes de La Plata,Rosario Central,3.06,2.8,2.87,3.25,1.3636
2026-09-26 10:57:53.885884+00:00,28/09/2026,1637155247,2026-09-28 03:10:00+00:00,Mexico - Liga MX,Necaxa,Club America,3.73,3.77,1.9259,1.6993,2.18
2026-09-26 10:57:53.885884+00:00,28/09/2026,1637155248,2026-09-28 01:00:00+00:00,Mexico - Liga MX,Club Leon,FC Juarez,1.5556,4.25,5.64,1.5988,2.36
2026-09-26 10:57:53.885884+00:00,26/09/2026,1637155272,2026-09-26 13:00:00+00:00,Netherlands - Tweede Divisie,Jong Almere City,BVV Barendrecht,1.9259,3.98,2.99,,
2026-09-26 10:57:53.885884+00:00,26/09/2026,1637155276,2026-09-26 18:00:00+00:00,Argentina - Primera B Metropolitana,Argentino de Merlo,Villa San Carlos,2.74,2.58,2.84,2.95,1.3425
2026-09-26 10:57:53.885884+00:00,26/09/2026,1637155277,2026-09-26 13:00:00+00:00,Paraguay - Division Intermedia,Club Tacuary,Benjamin Aceval,3.03,3.46,1.9709,1.6135,2.15
2026-09-26 10:57:53.885884+00:00,26/09/2026,1637155278,2026-09-26 18:00:00+00:00,Argentina - Primera B Metropolitana,Talleres de Remedios,San Martin Burzaco,1.9709,2.7,3.93,2.66,1.3817
2026-09-26 10:57:53.885884+00:00,28/09/2026,1637155297,2026-09-27 23:00:00+00:00,USA - National Womens Soccer League,Utah Royals,North Carolina Courage,2.26,3.59,2.7,1.565,2.3
2026-09-26 10:57:53.885884+00:00,28/09/2026,1637155298,2026-09-27 23:00:00+00:00,El Salvador - Primera Division,Municipal Limeno,FAS,3.0,3.11,2.29,1.9804,1.813
2026-09-26 10:57:53.885884+00:00,28/09/2026,1637155306,2026-09-28 00:06:00+00:00,Mexico - Liga MX Women,Tigres UANL,Atletico San Luis,1.067,12.76,17.76,,
2026-09-26 10:57:53.885884+00:00,28/09/2026,1637155317,2026-09-28 00:00:00+00:00,Argentina - Primera B Nacional,Gimnasia Jujuy,San Martin de Tucuman,2.13,3.11,3.63,2.15,1.6757
2026-09-26 10:57:53.885884+00:00,27/09/2026,1637155318,2026-09-27 19:30:00+00:00,Argentina - Primera B Nacional,Ferrocarril Midland,Tristan Suarez,2.19,2.82,3.9,3.12,1.3436
2026-09-26 10:57:53.885884+00:00,28/09/2026,1637155319,2026-09-27 21:00:00+00:00,Argentina - Primera B Nacional,Gimnasia y Tiro,Atletico de Rafaela,1.8929,2.98,4.84,2.85,1.4016
2026-09-26 10:57:53.885884+00:00,26/09/2026,1637155320,2026-09-26 14:00:00+00:00,England - Isthmian Division 1 South Central,Westfield,Binfield,1.2222,5.77,7.1,,
2026-09-26 10:57:53.885884+00:00,27/09/2026,1637155598,2026-09-26 22:00:00+00:00,Argentina - Primera B Metropolitana,Deportivo Laferrere,Sportivo Italiano,2.69,2.98,2.52,2.54,1.4505
2026-09-26 10:57:53.885884+00:00,26/09/2026,1637155602,2026-09-26 19:00:00+00:00,Argentina - Primera B Nacional,All Boys,Colon de Santa Fe,2.79,2.65,3.19,3.29,1.3322
2026-09-26 10:57:53.885884+00:00,26/09/2026,1637155603,2026-09-26 18:30:00+00:00,Argentina - Primera B Nacional,Estudiantes de Caseros,San Miguel,1.8621,3.05,5.3,3.11,1.3636
2026-09-26 10:57:53.885884+00:00,26/09/2026,1637155604,2026-09-26 19:00:00+00:00,Argentina - Primera B Nacional,Quilmes,Guemes,1.4484,4.24,7.68,2.1,1.7519
2026-09-26 10:57:53.885884+00:00,26/09/2026,1637155605,2026-09-26 18:30:00+00:00,Argentina - Primera B Metropolitana,Deportivo Armenio,Deportivo Merlo,1.7042,3.11,5.08,2.49,1.4673
2026-09-26 10:57:53.885884+00:00,28/09/2026,1637155607,2026-09-27 21:30:00+00:00,Brazil - Serie C,Brusque,Ferroviaria SP,2.53,2.79,2.9,2.15,1.6536
2026-09-26 10:57:53.885884+00:00,27/09/2026,1637155609,2026-09-27 20:00:00+00:00,Argentina - Cup,Racing Club,Boca Juniors,3.82,3.02,2.06,2.34,1.5587
2026-09-26 10:57:53.885884+00:00,28/09/2026,1637155634,2026-09-27 23:00:00+00:00,Uruguay - Segunda Division,Huracan FC,Miramar Misiones,2.2,3.16,3.12,2.16,1.6623
2026-09-26 10:57:53.885884+00:00,27/09/2026,1637155653,2026-09-27 00:00:00+00:00,El Salvador - Primera Division,Luis Angel Firpo,Aguila,2.13,3.1,3.34,2.05,1.7353
2026-09-26 10:57:53.885884+00:00,27/09/2026,1637155654,2026-09-27 18:30:00+00:00,Argentina - Primera B Nacional,Almagro,Nueva Chicago,2.3,2.85,3.56,3.02,1.3636
2026-09-26 10:57:53.885884+00:00,26/09/2026,1637155655,2026-09-26 18:30:00+00:00,Argentina - Primera B Nacional,Almirante Brown,Acassuso,1.7353,3.3,5.73,2.71,1.4695
2026-09-26 10:57:53.885884+00:00,27/09/2026,1637155656,2026-09-27 18:30:00+00:00,Argentina - Primera B Nacional,CA Atlanta,Agropecuario,2.06,2.95,4.09,2.74,1.4405
2026-09-26 10:57:53.885884+00:00,27/09/2026,1637155657,2026-09-27 19:00:00+00:00,Argentina - Primera B Nacional,Club Atletico Mitre,San Telmo,1.7299,3.28,5.32,2.57,1.4926
2026-09-26 10:57:53.885884+00:00,26/09/2026,1637155658,2026-09-26 14:00:00+00:00,England - Isthmian Division 1 South Central,Ascot United,Littlehampton,2.27,4.03,2.29,1.4367,2.5
2026-09-26 10:57:53.885884+00:00,26/09/2026,1637155660,2026-09-26 14:00:00+00:00,England - Isthmian Division 1 South Central,Bognor Regis Town,Portchester,2.1,3.57,2.71,1.5319,2.26
2026-09-26 10:57:53.885884+00:00,27/09/2026,1637157147,2026-09-27 18:30:00+00:00,Argentina - Primera B Nacional,Defensores de Belgrano,Ferro Carril Oeste,2.69,2.73,3.06,3.51,1.2841
2026-09-26 10:57:53.885884+00:00,27/09/2026,1637157149,2026-09-27 18:30:00+00:00,Argentina - Primera B Nacional,Los Andes,Deportivo Moron,2.87,2.72,2.87,3.23,1.3247
2026-09-26 10:57:53.885884+00:00,26/09/2026,1637158358,2026-09-26 15:30:00+00:00,Spain - Tercera Division,Escobedo,Selaya,1.7042,3.59,4.17,1.7299,2.02
2026-09-26 10:57:53.885884+00:00,26/09/2026,1637158404,2026-09-26 14:30:00+00:00,Spain - Tercera Division,Mutilvera,Avance Ezcabarte,1.6757,3.38,4.7,2.0,1.7752
2026-09-26 10:57:53.885884+00:00,26/09/2026,1637159066,2026-09-26 16:00:00+00:00,Morocco - Botola 2,KAC Kenitra,Wydad Fes,1.9174,2.88,3.88,2.69,1.3802
2026-09-26 10:57:53.885884+00:00,27/09/2026,1637159109,2026-09-27 10:00:00+00:00,Spain - Tercera Division,Subiza,Cirbonero,1.7519,3.45,4.1,1.8475,1.9091
2026-09-26 10:57:53.885884+00:00,26/09/2026,1637159110,2026-09-26 11:00:00+00:00,Sweden - Division 2,Viggbyholms,Korsnas,1.6849,3.78,3.92,1.4032,2.66
2026-09-26 10:57:53.885884+00:00,28/09/2026,1637159113,2026-09-28 18:30:00+00:00,Spain - Segunda Division,Leganes,Castellon,3.04,3.26,2.42,1.9259,1.9091
2026-09-26 10:57:53.885884+00:00,26/09/2026,1637159126,2026-09-26 11:00:00+00:00,Finland - Kolmonen,Lapuan Virkia,VIFK,8.24,6.21,1.198,,
2026-09-26 10:57:53.885884+00:00,26/09/2026,1637159129,2026-09-26 16:00:00+00:00,Morocco - Botola Pro,Union Touarga,FUS Rabat,3.16,2.63,2.53,2.6,1.4484
2026-09-26 10:57:53.885884+00:00,26/09/2026,1637159130,2026-09-26 16:00:00+00:00,Peru - Liga 2,Ayacucho,Union Minas,2.45,3.0,2.61,1.9434,1.7752
2026-09-26 10:57:53.885884+00:00,26/09/2026,1637164983,2026-09-26 14:00:00+00:00,Spain - Segunda Federacion Women,Cacereno II,Almeria,2.04,3.38,2.94,1.6711,2.05
2026-09-26 10:57:53.885884+00:00,26/09/2026,1637164987,2026-09-26 16:00:00+00:00,Italy - Serie A Women,Como,AC Milan,2.95,3.35,2.2,1.8403,1.9434
2026-09-26 10:57:53.885884+00:00,26/09/2026,1637164991,2026-09-26 18:00:00+00:00,Morocco - Botola Pro,Difaa El Jadida,CODM Meknes,2.42,2.64,3.32,2.5,1.4831
2026-09-26 10:57:53.885884+00:00,26/09/2026,1637165016,2026-09-26 11:00:00+00:00,Finland - Kolmonen,LBK,Ylivieska,2.44,3.86,2.26,,
2026-09-26 10:57:53.885884+00:00,26/09/2026,1637165023,2026-09-26 19:00:00+00:00,Chile - Segunda Division,Santiago City,Brujas de Salamanca,2.28,3.13,2.88,2.25,1.5917
2026-09-26 10:57:53.885884+00:00,26/09/2026,1637165027,2026-09-26 13:00:00+00:00,Italy - Primavera 3 U19,Catania,Guidonia Montecelio,1.4274,5.73,3.98,1.4329,2.52
2026-09-26 10:57:53.885884+00:00,26/09/2026,1637165028,2026-09-26 14:00:00+00:00,Poland - 3rd Liga,MKS Mazovia Minsk Mazowiecki,Wigry Suwalki,1.9174,3.78,2.95,1.5076,2.32
2026-09-26 10:57:53.885884+00:00,26/09/2026,1637165029,2026-09-26 14:00:00+00:00,Poland - 3rd Liga,Flota Swinoujscie,Unia Swarzedz,2.72,3.5,2.12,1.5155,2.3
2026-09-26 10:57:53.885884+00:00,26/09/2026,1637165037,2026-09-26 13:00:00+00:00,Turkey - 2nd League,Beyoglu Yeni Carsi,Iskenderunspor,1.4386,4.65,5.1,1.7463,1.9901
2026-09-26 10:57:53.885884+00:00,26/09/2026,1637165053,2026-09-26 15:00:00+00:00,Spain - Tercera Division,Atletico Santa Cruz,Aguilas II,1.9091,3.03,3.97,2.12,1.6623
2026-09-26 10:57:53.885884+00:00,26/09/2026,1637165057,2026-09-26 16:00:00+00:00,Poland - 3rd Liga,LKS Barycz Sulow,Zaglebie Lubin II,2.14,3.51,2.68,1.495,2.35
2026-09-26 10:57:53.885884+00:00,26/09/2026,1637165073,2026-09-26 14:00:00+00:00,Austria - Regionalliga West,Lauterach,SVG Reichenau,2.65,3.61,2.13,1.3745,2.71
2026-09-26 10:57:53.885884+00:00,26/09/2026,1637165255,2026-09-26 11:00:00+00:00,Sweden - Division 2,Jonsereds,Hestrafors,2.39,3.81,2.32,,
2026-09-26 10:57:53.885884+00:00,26/09/2026,1637165263,2026-09-26 12:00:00+00:00,Sweden - Division 2,Fittja,Nacka,2.98,4.0,1.9009,1.5263,2.32
2026-09-26 10:57:53.885884+00:00,26/09/2026,1637165272,2026-09-26 11:00:00+00:00,Finland - Kolmonen,VPV,SJK-Juniorit,2.03,3.69,2.88,,
2026-09-26 10:57:53.885884+00:00,27/09/2026,1637165280,2026-09-26 22:00:00+00:00,Guatemala - Primera Division de Ascenso,Champs Academy,AFF Guatemala,2.16,3.33,2.58,1.7407,1.9259
2026-09-26 10:57:53.885884+00:00,26/09/2026,1637165281,2026-09-26 12:30:00+00:00,Turkey - 2nd League,Ankaraspor,Somaspor,1.9091,3.54,3.5,1.6024,2.22
2026-09-26 10:57:53.885884+00:00,26/09/2026,1637165287,2026-09-26 14:00:00+00:00,Poland - 3rd Liga,Olimpia Elblag,Lechia Tomaszow Mazowiecki,2.26,3.39,2.58,1.4367,2.5
2026-09-26 10:57:53.885884+00:00,26/09/2026,1637165288,2026-09-26 18:00:00+00:00,Ecuador - Serie B,9 de Octubre,San Antonio FC,1.5376,3.62,6.07,2.41,1.5155
2026-09-26 10:57:53.885884+00:00,26/09/2026,1637165337,2026-09-26 14:00:00+00:00,Sweden - Division 2,Skiljebo,Taby,1.5587,4.33,3.93,1.4484,2.47
2026-09-26 10:57:53.885884+00:00,26/09/2026,1637165491,2026-09-26 17:30:00+00:00,Spain - Tercera Division,Caudal Deportivo,L Entregu,1.4184,4.11,6.36,1.7813,1.9901
2026-09-26 10:57:53.885884+00:00,26/09/2026,1637165522,2026-09-26 15:00:00+00:00,Poland - 3rd Liga,Chemik Bydgoszcz,Blekitni Stargard,3.16,3.53,1.9009,1.4651,2.43
2026-09-26 10:57:53.885884+00:00,26/09/2026,1637165523,2026-09-26 15:00:00+00:00,Poland - 3rd Liga,Chelmianka Chelm,Podlasie Biala Podlaska,1.3425,4.5,6.24,1.5291,2.27
2026-09-26 10:57:53.885884+00:00,26/09/2026,1637165524,2026-09-26 15:00:00+00:00,Poland - 3rd Liga,Karkonosze Jelenia Gora,Goczalkowice Zdroj,2.05,3.29,3.0,1.6329,2.11
2026-09-26 10:57:53.885884+00:00,26/09/2026,1637165526,2026-09-26 16:00:00+00:00,Poland - 3rd Liga,Polonia Lidzbark Warminski,Weszlo Warszawa,3.54,3.75,1.7299,1.5291,2.27
2026-09-26 10:57:53.885884+00:00,26/09/2026,1637165527,2026-09-26 16:00:00+00:00,Jordan - 1st Division,Al Hashemeya,Jerash SC,2.78,3.2,2.09,1.9524,1.7194
2026-09-26 10:57:53.885884+00:00,28/09/2026,1637165556,2026-09-28 15:00:00+00:00,Slovakia - 2. Liga,Zilina II,Humenne,1.5814,4.03,4.72,1.5882,2.25
2026-09-26 10:57:53.885884+00:00,26/09/2026,1637165574,2026-09-26 17:00:00+00:00,Spain - Segunda Federacion Women,Zaragoza CFF,Balears,2.04,3.08,3.21,1.9804,1.7194
2026-09-26 10:57:53.885884+00:00,26/09/2026,1637165578,2026-09-26 13:00:00+00:00,Ireland - National League,UCC,CK United,2.66,3.74,2.07,1.4762,2.39
2026-09-26 10:57:53.885884+00:00,26/09/2026,1637171486,2026-09-26 14:00:00+00:00,Spain - Tercera Division,Cadiz II,Pozoblanco,1.6494,3.44,4.79,1.9901,1.7519
2026-09-26 10:57:53.885884+00:00,29/09/2026,1637173068,2026-09-28 22:00:00+00:00,Paraguay - Division Profesional,Libertad Asuncion,Olimpia Asuncion,2.91,3.25,2.42,1.9524,1.8333
2026-09-26 10:57:53.885884+00:00,29/09/2026,1637175370,2026-09-28 22:30:00+00:00,Brazil - Serie B,America Mineiro,Juventude,3.43,3.17,2.23,2.25,1.6452
2026-09-26 10:57:53.885884+00:00,28/09/2026,1637175386,2026-09-28 19:30:00+00:00,Paraguay - Division Profesional,Sportivo San Lorenzo,Deportivo Recoleta,2.93,3.29,2.38,1.8929,1.8929
2026-09-26 10:57:53.885884+00:00,26/09/2026,1637175503,2026-09-26 15:00:00+00:00,Algeria - Ligue 2,AC Paradou,NRB Teleghma,1.3472,4.06,7.28,1.9346,1.7813
2026-09-26 10:57:53.885884+00:00,28/09/2026,1637175518,2026-09-27 22:00:00+00:00,Colombia - Primera B,Barranquilla FC,Real Cundinamarca,2.99,2.98,2.45,2.06,1.7407
2026-09-26 10:57:53.885884+00:00,26/09/2026,1637178707,2026-09-26 13:00:00+00:00,South Africa - Super League Women,Copperbelt,Mamelodi Sundowns,10.3,5.59,1.173,1.6329,2.09
2026-09-26 10:57:53.885884+00:00,26/09/2026,1637178725,2026-09-26 19:30:00+00:00,Brazil - Brasileiro Women,Corinthians,Sao Paulo,1.813,3.22,4.36,2.1,1.6993
2026-09-26 10:57:53.885884+00:00,28/09/2026,1637178767,2026-09-28 16:00:00+00:00,UEFA - Nations League B,Georgia,Ukraine,2.72,3.18,2.72,2.11,1.7299
2026-09-26 10:57:53.885884+00:00,26/09/2026,1637181755,2026-09-26 15:00:00+00:00,Algeria - Ligue 2,ASM Oran,WA Mostaganem,1.5435,3.07,6.61,2.54,1.4255
2026-09-26 10:57:53.885884+00:00,26/09/2026,1637183969,2026-09-26 12:00:00+00:00,Italy - Serie B Women,Arezzo,Catania,2.51,3.06,2.58,1.9009,1.8403
2026-09-26 10:57:53.885884+00:00,26/09/2026,1637183970,2026-09-26 13:00:00+00:00,South Africa - Diski Challenge U23,Chippa United,Stellenbosch,5.79,4.56,1.3584,1.4184,2.56
2026-09-26 10:57:53.885884+00:00,26/09/2026,1637183992,2026-09-26 14:00:00+00:00,Uruguay - Primera Division,CA Progreso,Racing Club de Montevideo,3.9,3.37,2.01,2.34,1.6173
2026-09-26 10:57:53.885884+00:00,26/09/2026,1637183993,2026-09-26 18:00:00+00:00,Uruguay - Primera Division,Cerro Largo,Nacional de Football,4.61,3.64,1.7874,2.1,1.7519
2026-09-26 10:57:53.885884+00:00,28/09/2026,1637183994,2026-09-27 21:00:00+00:00,Uruguay - Primera Division,Defensor Sporting,Danubio,2.28,3.39,3.05,2.17,1.6849
2026-09-26 10:57:53.885884+00:00,26/09/2026,1637185166,2026-09-26 15:30:00+00:00,Spain - Tercera Division,UD Arenal,Porreres,4.54,3.55,1.6536,1.8929,1.8621
2026-09-26 10:57:53.885884+00:00,27/09/2026,1637185174,2026-09-27 15:30:00+00:00,Spain - Segunda Federacion,Numancia,Guadalajara,1.7463,3.36,4.52,2.21,1.6329
2026-09-26 10:57:53.885884+00:00,27/09/2026,1637185180,2026-09-27 14:00:00+00:00,Uruguay - Primera Division,Central Espanol,Liverpool Montevideo,4.19,3.36,1.885,2.21,1.6579
2026-09-26 10:57:53.885884+00:00,29/09/2026,1637190741,2026-09-28 23:00:00+00:00,Uruguay - Primera Division,Montevideo Wanderers,Albion,2.25,3.33,3.15,2.0,1.8
2026-09-26 10:57:53.885884+00:00,26/09/2026,1637190742,2026-09-26 15:30:00+00:00,Spain - Tercera Division,Cordoba II,Dos Hermanas,4.39,3.48,1.6944,1.9524,1.813
2026-09-26 10:57:53.885884+00:00,26/09/2026,1637190769,2026-09-26 16:30:00+00:00,Switzerland - 2. Liga Interregional,Pully Football,Saviese,1.7874,3.94,3.2,1.3876,2.67
2026-09-26 10:57:53.885884+00:00,26/09/2026,1637193350,2026-09-26 16:00:00+00:00,Switzerland - 2. Liga Interregional,Malcantone,Gambarogno-Contone,2.46,3.15,2.49,1.6849,2.03
2026-09-26 10:57:53.885884+00:00,26/09/2026,1637193362,2026-09-26 14:30:00+00:00,Spain - Primera Federacion,Lugo,Racing Club Ferrol,2.23,2.93,3.33,2.38,1.5291
2026-09-26 10:57:53.885884+00:00,27/09/2026,1637193375,2026-09-27 10:00:00+00:00,Spain - Primera Federacion,UD Ourense,Cacereno,2.67,3.14,2.51,1.9901,1.8
2026-09-26 10:57:53.885884+00:00,27/09/2026,1637193390,2026-09-27 16:15:00+00:00,Spain - Primera Federacion,Antequera,Real Jaen,2.12,3.08,3.38,2.21,1.6329
2026-09-26 10:57:53.885884+00:00,26/09/2026,1637193401,2026-09-26 15:00:00+00:00,Algeria - Ligue 2,RC Kouba,WA Tlemcen,1.4237,3.63,6.77,2.19,1.5882
2026-09-26 10:57:53.885884+00:00,26/09/2026,1637194821,2026-09-26 12:00:00+00:00,Finland - Kolmonen,Kumu,LAUTP,2.82,4.58,1.8547,,
2026-09-26 10:57:53.885884+00:00,26/09/2026,1637194862,2026-09-26 18:00:00+00:00,Argentina - Primera Division Women,Huracan,Talleres de Cordoba,5.43,3.44,1.6211,2.3,1.5848
2026-09-26 10:57:53.885884+00:00,26/09/2026,1637194893,2026-09-26 18:00:00+00:00,Argentina - Primera Division Women,Banfield,Newells Old Boys,1.4673,3.96,6.33,2.02,1.7813
2026-09-26 10:57:53.885884+00:00,26/09/2026,1637208825,2026-09-26 13:00:00+00:00,Ireland - National League,Home Farm,Cockhill Celtic,1.5102,3.94,4.74,1.5319,2.26
2026-09-26 10:57:53.885884+00:00,26/09/2026,1637208918,2026-09-26 18:30:00+00:00,Italy - Serie C Group B,Sambenedettese,Campobasso,2.82,3.02,2.55,2.18,1.6623
2026-09-26 10:57:53.885884+00:00,27/09/2026,1637215590,2026-09-27 00:30:00+00:00,Uruguay - Primera Division,Montevideo City Torque,Deportivo Maldonado,2.1,3.48,3.42,1.9434,1.8772
2026-09-26 10:57:53.885884+00:00,27/09/2026,1637215592,2026-09-27 18:00:00+00:00,Uruguay - Primera Division,Juventud,CA Cerro,1.7463,3.5,4.81,2.22,1.6536
2026-09-26 10:57:53.885884+00:00,26/09/2026,1637215601,2026-09-26 15:00:00+00:00,Algeria - Ligue 2,MSP Batna,MO Constantine,1.7246,3.01,4.69,2.48,1.4464
2026-09-26 10:57:53.885884+00:00,26/09/2026,1637218385,2026-09-26 11:00:00+00:00,Finland - Kolmonen,KaaPo,SalPa II,2.5,4.62,2.02,,
2026-09-26 10:57:53.885884+00:00,26/09/2026,1637218388,2026-09-26 14:30:00+00:00,Czech Republic - 4. Liga,Slovan Velvary,Brandys Nad Labem,2.06,3.55,2.79,,
2026-09-26 10:57:53.885884+00:00,26/09/2026,1637218408,2026-09-26 13:30:00+00:00,Wales - Premier League,Trefelin BGC,The New Saints,25.04,16.67,1.039,,
2026-09-26 10:57:53.885884+00:00,26/09/2026,1637218418,2026-09-26 13:00:00+00:00,Italy - Primavera 3 U19,FC Arzignano Valchiampo,Vis Pesaro,1.5102,4.05,4.6,1.4831,2.38
2026-09-26 10:57:53.885884+00:00,26/09/2026,1637218420,2026-09-26 17:00:00+00:00,Mexico - Liga TDP,Atletico Cuernavaca,San Jose del Arenal,1.2681,5.14,6.98,1.3906,2.66
2026-09-26 10:57:53.885884+00:00,27/09/2026,1637218421,2026-09-26 21:30:00+00:00,Brazil - Carioca B1,Macae Esporte RJ,Artsul,3.01,2.81,2.29,2.31,1.5102
2026-09-26 10:57:53.885884+00:00,26/09/2026,1637218422,2026-09-26 14:00:00+00:00,Spain - Tercera Division,CD Eldense II,Torrent,3.02,2.83,2.37,2.38,1.5102
2026-09-26 10:57:53.885884+00:00,26/09/2026,1637218426,2026-09-26 18:00:00+00:00,Uruguay - Primera Division Amateur,Salus,Huracan Buceo,1.8475,3.19,3.68,1.9804,1.7194
2026-09-26 10:57:53.885884+00:00,26/09/2026,1637218428,2026-09-26 18:30:00+00:00,Brazil - Copa Parana,Sao Joseense,Cascavel,2.16,2.81,3.27,2.49,1.4425
2026-09-26 10:57:53.885884+00:00,26/09/2026,1637220949,2026-09-26 16:00:00+00:00,International - Friendlies U20,Portugal,Poland,1.4651,4.27,5.7,1.6494,2.18
2026-09-26 10:57:53.885884+00:00,26/09/2026,1637220953,2026-09-26 14:00:00+00:00,Northern Ireland - Championship,Annagh United,Institute,1.9346,3.63,2.99,1.5988,2.17
2026-09-26 10:57:53.885884+00:00,26/09/2026,1637220975,2026-09-26 15:00:00+00:00,Spain - Tercera Division,Arteixo,Alondras,2.59,2.94,2.64,2.1,1.6711
2026-09-26 10:57:53.885884+00:00,26/09/2026,1637220976,2026-09-26 16:00:00+00:00,Mexico - Liga TDP,CEFOR 30 30,Club de Ciervos II,1.5587,4.11,4.14,1.3802,2.69
2026-09-26 10:57:53.885884+00:00,26/09/2026,1637220986,2026-09-26 20:00:00+00:00,Costa Rica - Ascenso,Consultants Desamparados,Aserri,1.9901,3.15,3.28,1.9174,1.7937
2026-09-26 10:57:53.885884+00:00,27/09/2026,1637220987,2026-09-26 21:30:00+00:00,Uruguay - Primera Division,Penarol,Boston River,1.4762,4.42,6.72,1.9009,1.9346
2026-09-26 10:57:53.885884+00:00,26/09/2026,1637221001,2026-09-26 11:00:00+00:00,Finland - Kolmonen,KPV Akatemia,SIF,4.25,5.5,1.4367,,
2026-09-26 10:57:53.885884+00:00,26/09/2026,1637221012,2026-09-26 14:00:00+00:00,Northern Ireland - Championship,Queens University,Moyola Park,1.6849,4.28,3.35,1.625,2.12
2026-09-26 10:57:53.885884+00:00,26/09/2026,1637221017,2026-09-26 13:30:00+00:00,Wales - Championship,Cardiff Draconians,Caerau Ely,3.19,3.96,1.8547,1.3774,2.79
2026-09-26 10:57:53.885884+00:00,26/09/2026,1637221023,2026-09-26 19:00:00+00:00,Mexico - Liga TDP,Ajolotes Lerma FC,Artesanos Huixquilucan,2.34,3.17,2.62,1.6711,2.05
2026-09-26 10:57:53.885884+00:00,27/09/2026,1637221025,2026-09-26 21:00:00+00:00,Chile - Tercera Division A,Quintero Unido,Deportes Rancagua,2.01,3.4,3.18,1.6623,2.12
2026-09-26 10:57:53.885884+00:00,26/09/2026,1637221040,2026-09-26 14:00:00+00:00,Iceland - Urvalsdeild Women,IBV,Breidablik,5.15,5.06,1.4274,,
2026-09-26 10:57:53.885884+00:00,26/09/2026,1637221043,2026-09-26 14:00:00+00:00,Northern Ireland - Championship,Ards,Strabane Athletic,1.3584,4.47,5.97,1.4831,2.37
2026-09-26 10:57:53.885884+00:00,26/09/2026,1637221044,2026-09-26 14:00:00+00:00,Czech Republic - 4. Liga,Chrudim II,Spartak Police nad Metuji,3.59,4.43,1.6061,,
2026-09-26 10:57:53.885884+00:00,26/09/2026,1637221045,2026-09-26 12:00:00+00:00,Estonia - Meistriliiga Women,Saku Sporting,Flora Tallinn,5.76,5.45,1.3226,,
2026-09-26 10:57:53.885884+00:00,26/09/2026,1637221046,2026-09-26 15:00:00+00:00,Turkey - 2nd League,52 Orduspor,Kahramanmaras Istiklal,1.8696,3.61,3.41,1.5587,2.27
2026-09-26 10:57:53.885884+00:00,26/09/2026,1637221070,2026-09-26 16:30:00+00:00,Spain - Tercera Division,CE Constancia,Alcudia,1.4831,3.98,5.54,1.6897,2.07
2026-09-26 10:57:53.885884+00:00,26/09/2026,1637221080,2026-09-26 17:45:00+00:00,Brazil - Carioca B1,Nova Cidade,Goytacaz,2.72,2.53,2.72,2.32,1.4975
2026-09-26 10:57:53.885884+00:00,26/09/2026,1637221097,2026-09-26 14:00:00+00:00,England - FA Trophy,Curzon Ashton,Stalybridge Celtic,1.7634,4.56,2.95,1.4255,2.54
2026-09-26 10:57:53.885884+00:00,26/09/2026,1637221098,2026-09-26 14:00:00+00:00,England - FA Trophy,Alfreton Town,Shifnal Town,1.4975,4.32,4.38,1.3876,2.66
2026-09-26 10:57:53.885884+00:00,26/09/2026,1637221112,2026-09-26 13:30:00+00:00,Wales - Championship,Pontardawe Town,Treowen Stars,2.69,3.87,2.1,1.4032,2.7
2026-09-26 10:57:53.885884+00:00,26/09/2026,1637221113,2026-09-26 14:00:00+00:00,International - Friendlies U19,Hungary,Bulgaria,1.9524,3.38,3.51,1.9174,1.8696
2026-09-26 10:57:53.885884+00:00,26/09/2026,1637221114,2026-09-26 14:00:00+00:00,International - Friendlies U19,Serbia,Romania,2.14,3.52,2.94,1.6944,2.11
2026-09-26 10:57:53.885884+00:00,26/09/2026,1637221117,2026-09-26 20:00:00+00:00,Brazil - Copa Santa Catarina,Blumenau,Marcilio Dias,3.0,2.99,2.19,2.33,1.5025
2026-09-26 10:57:53.885884+00:00,27/09/2026,1637221120,2026-09-26 21:00:00+00:00,Mexico - Liga TDP,Selva Canera,Zapata FC,2.51,3.55,2.25,1.4673,2.42
2026-09-26 10:57:53.885884+00:00,26/09/2026,1637225775,2026-09-26 17:00:00+00:00,Spain - Regional Leagues,Quintanar Del Rey,Pedroneras,4.54,3.85,1.5464,1.5814,2.16
2026-09-26 10:57:53.885884+00:00,26/09/2026,1637225776,2026-09-26 14:00:00+00:00,England - FA Trophy,Guisborough Town,Redcar Athletic,3.29,3.53,1.8547,1.6061,2.16
2026-09-26 10:57:53.885884+00:00,26/09/2026,1637225777,2026-09-26 14:00:00+00:00,England - FA Trophy,Peterborough Sports,Banbury United,1.8264,3.5,3.41,1.7092,1.9901
2026-09-26 10:57:53.885884+00:00,26/09/2026,1637225780,2026-09-26 15:15:00+00:00,Finland - Kolmonen,TiPS,Atlantis/PM,1.4673,6.54,3.43,,
2026-09-26 10:57:53.885884+00:00,26/09/2026,1637225784,2026-09-26 14:00:00+00:00,Northern Ireland - Championship,Armagh City,Dundela,3.97,3.73,1.6494,1.5102,2.31
2026-09-26 10:57:53.885884+00:00,26/09/2026,1637225785,2026-09-26 14:00:00+00:00,Northern Ireland - Championship,Newington,Ballinamallard United,1.6711,3.78,3.79,1.4292,2.53
2026-09-26 10:57:53.885884+00:00,26/09/2026,1637225797,2026-09-26 15:00:00+00:00,Spain - Regional Leagues,Almodovar,Valdepenas,1.8772,3.23,3.52,1.885,1.8264
2026-09-26 10:57:53.885884+00:00,26/09/2026,1637225803,2026-09-26 16:30:00+00:00,Spain - Regional Leagues,La Cisterniga,Betis CF,2.08,3.32,2.91,1.8475,1.8621
2026-09-26 10:57:53.885884+00:00,26/09/2026,1637225804,2026-09-26 16:30:00+00:00,Spain - Regional Leagues,Arcos CF,Palma del Rio,2.26,3.16,2.74,1.7246,1.9804
2026-09-26 10:57:53.885884+00:00,26/09/2026,1637225808,2026-09-26 13:00:00+00:00,Czech Republic - 4. Liga,Opava II,Frydek Mistek II,1.4167,4.62,4.88,,
2026-09-26 10:57:53.885884+00:00,26/09/2026,1637225809,2026-09-26 14:00:00+00:00,Italy - Primavera 4 U19,Casarano,Picerno,2.04,3.41,2.93,1.4975,2.34
2026-09-26 10:57:53.885884+00:00,26/09/2026,1637225811,2026-09-26 12:30:00+00:00,Italy - Primavera 3 U19,Carrarese,Alcione,1.6135,4.07,4.05,1.3953,2.7
2026-09-26 10:57:53.885884+00:00,26/09/2026,1637225813,2026-09-26 14:00:00+00:00,England - Northern League Division 1,Witton Albion,Congleton Town,1.4184,4.67,4.8,1.4184,2.56
2026-09-26 10:57:53.885884+00:00,27/09/2026,1637225832,2026-09-26 21:00:00+00:00,Mexico - Liga TDP,Ejidatarios de Bonfil,Deportiva Venados II,2.43,3.31,2.43,1.9009,1.8065
2026-09-26 10:57:53.885884+00:00,26/09/2026,1637225855,2026-09-26 11:00:00+00:00,Finland - Kolmonen,Tampere United II,Tampereen Peli-Toverit,1.5587,4.14,4.36,,
2026-09-26 10:57:53.885884+00:00,27/09/2026,1637225857,2026-09-26 21:00:00+00:00,Mexico - Liga TDP,Antequera FC,Iguanas,2.41,3.43,2.38,1.7752,1.9434
2026-09-26 10:57:53.885884+00:00,26/09/2026,1637240738,2026-09-26 13:00:00+00:00,Czech Republic - 4. Liga,Frydlant Nad Ostravici,Valasske Mezirici,3.39,4.27,1.6757,,
2026-09-26 10:57:53.885884+00:00,26/09/2026,1637240741,2026-09-26 14:00:00+00:00,England - Northern League Division 1,Rushden and Diamonds,Rugby Borough,2.29,3.42,2.53,1.6289,2.12
2026-09-26 10:57:53.885884+00:00,26/09/2026,1637240742,2026-09-26 14:00:00+00:00,England - Northern League Division 1,Barwell,Coventry United,2.58,3.41,2.26,1.7042,2.0
2026-09-26 10:57:53.885884+00:00,26/09/2026,1637240743,2026-09-26 14:00:00+00:00,England - Northern League Division 1,Runcorn Linnets,Chasetown,1.7692,3.76,3.4,1.5714,2.18
2026-09-26 10:57:53.885884+00:00,26/09/2026,1637240745,2026-09-26 14:00:00+00:00,Slovenia - 3. SNL,NK Marles Hise Limbus,Korotan Prevalje,5.12,4.45,1.4132,1.4255,2.54
2026-09-26 10:57:53.885884+00:00,27/09/2026,1637240759,2026-09-27 14:30:00+00:00,Egypt - Cup,FC Masar,Ittihad El-Shorta,1.5,3.56,5.59,2.07,1.6579
2026-09-26 10:57:53.885884+00:00,26/09/2026,1637240761,2026-09-26 15:00:00+00:00,Algeria - Ligue 2,JSM Tiaret,USM EL Harrach,3.49,2.5,2.28,2.73,1.369
2026-09-26 10:57:53.885884+00:00,26/09/2026,1637240775,2026-09-26 12:00:00+00:00,Germany - Regionalliga West,Borussia Dortmund II,Bocholt,1.7353,4.01,3.96,,
2026-09-26 10:57:53.885884+00:00,26/09/2026,1637240776,2026-09-26 12:00:00+00:00,Germany - Regionalliga West,Bochum II,Schalke 04 II,2.76,3.77,2.22,,
2026-09-26 10:57:53.885884+00:00,27/09/2026,1637240781,2026-09-26 21:00:00+00:00,Mexico - Liga TDP,PDLA,Yautepec,4.72,3.94,1.5128,1.5348,2.26
2026-09-26 10:57:53.885884+00:00,26/09/2026,1637240783,2026-09-26 20:00:00+00:00,Brazil - Copa Paulista,Gremio Prudente,Uniao Sao Joao,2.05,2.9,3.42,2.26,1.5495
2026-09-26 10:57:53.885884+00:00,26/09/2026,1637241121,2026-09-26 14:00:00+00:00,England - Northern League Division 1,Heaton Stannington,Grimsby Borough,1.8264,3.69,3.26,1.6494,2.08
2026-09-26 10:57:53.885884+00:00,26/09/2026,1637241122,2026-09-26 14:00:00+00:00,England - Northern League Division 1,Stocksbridge Park Steels,West Auckland Town,2.03,3.52,2.86,1.6289,2.11
2026-09-26 10:57:53.885884+00:00,26/09/2026,1637241124,2026-09-26 14:30:00+00:00,Czech Republic - 4. Liga,Spartak Pribram,SK Horovice,1.7042,3.68,3.73,1.4587,2.44
2026-09-26 10:57:53.885884+00:00,27/09/2026,1637241134,2026-09-27 19:00:00+00:00,CONCACAF - Nations League B,Guyana,Cayman Islands,1.071,9.71,20.74,,
2026-09-26 10:57:53.885884+00:00,26/09/2026,1637241142,2026-09-26 14:00:00+00:00,Portugal - U19 Championship,Famalicao,Vitoria Guimaraes,2.54,3.02,2.5,1.8547,1.8547
2026-09-26 10:57:53.885884+00:00,26/09/2026,1637241159,2026-09-26 13:00:00+00:00,Turkey - 2nd League,Inegol Kafkasspor,Kastamonuspor,1.6173,3.82,4.43,1.6061,2.22
2026-09-26 10:57:53.885884+00:00,27/09/2026,1637241210,2026-09-26 21:00:00+00:00,Brazil - Copa Santa Catarina,Hercilio Luz,Nacao,1.2381,4.84,8.59,1.6329,2.09
2026-09-26 10:57:53.885884+00:00,26/09/2026,1637244561,2026-09-26 18:00:00+00:00,Argentina - Primera C Metropolitana,Deportivo Espanol,Central Ballester,1.6369,3.04,5.39,2.76,1.3623
2026-09-26 10:57:53.885884+00:00,27/09/2026,1637244574,2026-09-26 22:00:00+00:00,Mexico - Liga TDP,Santa Ana del Conde,Real Olmeca Sport,1.3344,4.58,6.26,1.4902,2.36
2026-09-26 10:57:53.885884+00:00,26/09/2026,1637244609,2026-09-26 15:30:00+00:00,Club Friendlies,Pogon Szczecin,Udinese,3.41,3.2,1.9259,1.885,1.8264
2026-09-26 10:57:53.885884+00:00,26/09/2026,1637244636,2026-09-26 20:00:00+00:00,CONCACAF - Nations League C,Saint Martin,US Virgin Islands,1.096,8.18,14.3,,
2026-09-26 10:57:53.885884+00:00,26/09/2026,1637246674,2026-09-26 17:45:00+00:00,Brazil - Carioca B1,Duque de Caxias,Niteroiense,2.27,2.75,3.11,2.48,1.4444
2026-09-26 10:57:53.885884+00:00,27/09/2026,1637248901,2026-09-27 16:00:00+00:00,FIFA - World Cup U20 Women,Spain,North Korea,2.77,3.17,2.45,2.36,1.5495
2026-09-26 10:57:53.885884+00:00,26/09/2026,1637260756,2026-09-26 18:45:00+00:00,France - Ligue 3,Fleury 91,Aubagne,1.885,3.74,3.92,1.8772,1.9615
2026-09-26 10:57:53.885884+00:00,26/09/2026,1637262755,2026-09-26 16:00:00+00:00,FIFA - World Cup U20 Women,Italy,Colombia,1.7092,3.66,4.27,1.813,1.9804
2026-09-26 10:57:53.885884+00:00,26/09/2026,1637265104,2026-09-26 16:00:00+00:00,International - Friendlies U20,Czechia,Switzerland,2.09,3.52,3.03,1.8929,1.8929
2026-09-26 10:57:53.885884+00:00,26/09/2026,1637265111,2026-09-26 13:00:00+00:00,Czech Republic - 4. Liga,Holesov,Kozlovice,3.4,3.6,1.8065,1.4525,2.46
2026-09-26 10:57:53.885884+00:00,26/09/2026,1637265113,2026-09-26 13:30:00+00:00,Czech Republic - 4. Liga,SK Stonava,Hlucin,3.59,3.68,1.7353,1.4115,2.58
2026-09-26 10:57:53.885884+00:00,26/09/2026,1637268724,2026-09-26 14:30:00+00:00,Czech Republic - 4. Liga,Senco Doubravka,Hluboka nad Vltavou,3.28,3.63,1.8333,1.4098,2.59
2026-09-26 10:57:53.885884+00:00,26/09/2026,1637268751,2026-09-26 15:30:00+00:00,Burkina Faso - Premier League,US Comoe,Majestic FC,3.34,2.63,2.25,2.99,1.3115
2026-09-26 10:57:53.885884+00:00,26/09/2026,1637269476,2026-09-26 13:00:00+00:00,Czech Republic - 4. Liga,Sternberk,Slovan Bzenec,1.5917,4.05,3.98,,
2026-09-26 10:57:53.885884+00:00,27/09/2026,1637269494,2026-09-27 14:00:00+00:00,Iceland - Urvalsdeild Women,Grindavik/Njardvik,FH Hafnarfjordur,6.53,5.8,1.3049,,
2026-09-26 10:57:53.885884+00:00,26/09/2026,1637272158,2026-09-26 18:00:00+00:00,Argentina - Primera C Metropolitana,Central Cordoba Rosario,Claypole,2.01,2.87,3.57,2.64,1.3953
2026-09-26 10:57:53.885884+00:00,26/09/2026,1637272160,2026-09-26 18:00:00+00:00,Argentina - Primera C Metropolitana,Estrella del Sur,Argentino de Rosario,1.6803,3.11,4.79,2.4,1.4739
2026-09-26 10:57:53.885884+00:00,26/09/2026,1637272161,2026-09-26 18:00:00+00:00,Argentina - Primera C Metropolitana,Deportivo Paraguayo,CA Lugano,3.36,2.87,2.09,2.84,1.3436
2026-09-26 10:57:53.885884+00:00,26/09/2026,1637277931,2026-09-26 14:00:00+00:00,Club Friendlies,Bohemians,Bohemians 1905,2.98,3.33,2.04,1.6024,2.16
2026-09-26 10:57:53.885884+00:00,27/09/2026,1637277949,2026-09-27 02:00:00+00:00,CONCACAF - Nations League B,Sint Maarten,Belize,3.19,3.23,2.14,1.8333,1.9524
2026-09-26 10:57:53.885884+00:00,26/09/2026,1637281597,2026-09-26 18:00:00+00:00,Argentina - Primera C Metropolitana,Victoriano Arenas,Juventud Unida San Miguel,2.53,2.55,2.97,3.18,1.277
2026-09-26 10:57:53.885884+00:00,26/09/2026,1637281627,2026-09-26 18:00:00+00:00,Argentina - Primera C Metropolitana,Yupanqui,General Lamadrid,2.93,2.67,2.45,2.59,1.4082
2026-09-26 10:57:53.885884+00:00,26/09/2026,1637295593,2026-09-26 15:00:00+00:00,Algeria - Ligue 2,ES Mostaganem,NA Hussein Dey,2.17,2.85,3.2,2.25,1.5587
2026-09-26 10:57:53.885884+00:00,26/09/2026,1637297184,2026-09-26 13:30:00+00:00,Austria - Regionalliga West,Lustenau 1907,St. Johann in Tirol,3.15,3.82,1.8333,1.4444,2.48
2026-09-26 10:57:53.885884+00:00,26/09/2026,1637307592,2026-09-26 13:00:00+00:00,South Africa - Diski Challenge U23,AmaZulu,Golden Arrows,2.56,3.09,2.43,1.7813,1.9346
2026-09-26 10:57:53.885884+00:00,26/09/2026,1637307612,2026-09-26 14:00:00+00:00,Switzerland - Promotion League,FC Zurich II,Grand-Saconnex,3.04,3.84,1.9901,,
2026-09-26 10:57:53.885884+00:00,26/09/2026,1637307616,2026-09-26 14:00:00+00:00,Scotland - Challenge Cup,Cumbernauld Colts,St Mirren II,3.7,4.15,1.6803,,
2026-09-26 10:57:53.885884+00:00,26/09/2026,1637312110,2026-09-26 11:00:00+00:00,Sweden - Division 2,IFK Umea,Umea FF,7.85,5.9,1.2179,,
2026-09-26 10:57:53.885884+00:00,26/09/2026,1637312140,2026-09-26 18:00:00+00:00,Belgium - First Amateur Division,Tubize-Braine,Union Saint-Gilloise II,2.13,3.27,3.17,1.6993,2.1
2026-09-26 10:57:53.885884+00:00,26/09/2026,1637312181,2026-09-26 11:00:00+00:00,South Africa - Diski Challenge U23,Durban City,Mamelodi Sundowns,4.17,3.96,1.6135,1.4484,2.52
2026-09-26 10:57:53.885884+00:00,26/09/2026,1637312230,2026-09-26 15:00:00+00:00,Chile - Tercera Division A,Rodelindo Roman,Deportes Naval de Talcahuano,2.92,3.22,2.21,1.8,1.9615
2026-09-26 10:57:53.885884+00:00,26/09/2026,1637312233,2026-09-26 14:00:00+00:00,Portugal - Campeonato de Portugal Prio,Real Queluz,Serpa,2.37,3.15,2.59,1.9804,1.7194
2026-09-26 10:57:53.885884+00:00,26/09/2026,1637312274,2026-09-26 14:00:00+00:00,Switzerland - Promotion League,Young Boys II,Basel II,2.32,3.77,2.53,,
2026-09-26 10:57:53.885884+00:00,26/09/2026,1637312289,2026-09-26 17:00:00+00:00,Spain - Tercera Division,Cala Pozuelo,Leganes II,3.53,3.26,1.9434,1.8929,1.8621
2026-09-26 10:57:53.885884+00:00,26/09/2026,1637312296,2026-09-26 20:15:00+00:00,Peru - Primera Division Women,Carlos Mannucci,Yanapuma,2.3,3.37,2.54,1.4348,2.51
2026-09-26 10:57:53.885884+00:00,26/09/2026,1637325589,2026-09-26 14:00:00+00:00,Spain - Tercera Division,Guadalajara II,Tarancon,3.42,2.83,2.18,2.49,1.4673
2026-09-26 10:57:53.885884+00:00,26/09/2026,1637329076,2026-09-26 16:00:00+00:00,Spain - Tercera Division,Antela,Somozas,2.94,2.69,2.55,2.49,1.4673
2026-09-26 10:57:53.885884+00:00,26/09/2026,1637329083,2026-09-26 16:00:00+00:00,Spain - Tercera Division,Club Siero,Ceares,2.11,3.09,3.25,2.06,1.6993
2026-09-26 10:57:53.885884+00:00,26/09/2026,1637330230,2026-09-26 18:00:00+00:00,Spain - Tercera Division,UE San Juan Atletico de Montcada,Tona,2.29,2.92,3.07,2.25,1.5882
2026-09-26 10:57:53.885884+00:00,26/09/2026,1637330231,2026-09-26 14:00:00+00:00,Spain - Tercera Division,Alaves III,Touring,1.9524,3.23,3.53,1.9009,1.8547
2026-09-26 10:57:53.885884+00:00,26/09/2026,1637351080,2026-09-26 17:45:00+00:00,Brazil - Carioca B1,Petropolis,Audax Rio,1.565,3.19,4.97,2.23,1.5076
2026-09-26 10:57:53.885884+00:00,26/09/2026,1637352521,2026-09-26 18:00:00+00:00,Brazil - Copa Santa Catarina,Joinville,Barra,2.18,3.03,2.97,2.14,1.6135
2026-09-26 10:57:53.885884+00:00,26/09/2026,1637359918,2026-09-26 14:00:00+00:00,Spain - Regional Leagues,Sestao River,SD Iturrigorri,3.14,3.04,2.1,2.03,1.6849
2026-09-26 10:57:53.885884+00:00,26/09/2026,1637359922,2026-09-26 14:00:00+00:00,Chile - Primera Division Women,Palestino,Coquimbo Unido,2.65,3.21,2.3,1.641,2.09
2026-09-26 10:57:53.885884+00:00,26/09/2026,1637359950,2026-09-26 13:00:00+00:00,Italy - Primavera 4 U19,Folgore Caratese,Treviso,2.68,3.28,2.24,1.5181,2.29
2026-09-26 10:57:53.885884+00:00,26/09/2026,1637359966,2026-09-26 15:00:00+00:00,Algeria - Ligue 2,NC Magra,US Chaouia,2.84,2.72,2.32,2.73,1.3413
2026-09-26 10:57:53.885884+00:00,26/09/2026,1637359973,2026-09-26 13:00:00+00:00,Finland - Kansallinen Women,EBK,JyPK,1.105,7.19,13.09,,
2026-09-26 10:57:53.885884+00:00,26/09/2026,1637360031,2026-09-26 14:00:00+00:00,Spain - Tercera Division,Beti Onak,AD San Juan,2.84,2.87,2.47,2.13,1.6579
2026-09-26 10:57:53.885884+00:00,26/09/2026,1637360036,2026-09-26 15:00:00+00:00,Spain - Tercera Division,SD Erandio Club,Amurrio,1.9009,3.19,3.76,2.05,1.7092
2026-09-26 10:57:53.885884+00:00,27/09/2026,1637360052,2026-09-26 22:00:00+00:00,Mexico - Liga TDP,Titanes de Queretaro,Bucaneros de Matamoros,1.4739,3.95,5.13,1.6579,2.07
2026-09-26 10:57:53.885884+00:00,26/09/2026,1637360314,2026-09-26 17:00:00+00:00,Spain - Tercera Division,Sarriana,Gran Pena,1.6944,3.51,4.33,1.8065,1.9524
2026-09-26 10:57:53.885884+00:00,26/09/2026,1637360315,2026-09-26 15:00:00+00:00,Spain - Tercera Division,Udc Chantrea,Bidezarra,1.7937,3.18,4.29,2.1,1.6711
2026-09-26 10:57:53.885884+00:00,26/09/2026,1637360328,2026-09-26 15:00:00+00:00,Algeria - Ligue 2,AS Khroub,USM Annaba,2.45,2.69,2.85,2.82,1.3401
2026-09-26 10:57:53.885884+00:00,26/09/2026,1637360345,2026-09-26 11:00:00+00:00,Spain - Tercera Division,Villa Santa Brigida,Villaverde Norte,1.6897,3.57,4.53,1.8929,1.8929
2026-09-26 10:57:53.885884+00:00,26/09/2026,1637360366,2026-09-26 12:45:00+00:00,Netherlands - U21 Divisie,NEC Nijmegen,HHC Hardenberg,1.4237,4.69,5.06,,
2026-09-26 10:57:53.885884+00:00,26/09/2026,1637360393,2026-09-26 15:00:00+00:00,Switzerland - 2. Liga Interregional,Grenchen,FC Gumefens/Sorens,1.625,3.91,3.92,1.3817,2.69
2026-09-26 10:57:53.885884+00:00,26/09/2026,1637370379,2026-09-26 14:00:00+00:00,Austria - Regionalliga West,Schwaz,Dornbirn,2.64,3.6,2.13,1.3831,2.68
2026-09-26 10:57:53.885884+00:00,26/09/2026,1637370389,2026-09-26 15:00:00+00:00,Algeria - Ligue 2,MC El Bayadh,GC Mascara,1.7576,2.9,4.73,2.62,1.4016
2026-09-26 10:57:53.885884+00:00,26/09/2026,1637370402,2026-09-26 18:00:00+00:00,Belgium - Cup,Lokeren-Temse,Houtvenne,1.3676,4.61,5.59,1.3676,2.74
2026-09-26 10:57:53.885884+00:00,26/09/2026,1637370436,2026-09-26 20:00:00+00:00,El Salvador - Reserve League U20,Luis Angel Firpo,Aguila,3.48,3.48,1.813,1.641,2.1
2026-09-26 10:57:53.885884+00:00,26/09/2026,1637370470,2026-09-26 19:00:00+00:00,CONCACAF - Nations League C,Montserrat,British Virgin Islands,1.2994,5.09,7.19,1.5435,2.3
2026-09-26 10:57:53.885884+00:00,27/09/2026,1637370479,2026-09-26 23:00:00+00:00,CONCACAF - Nations League C,Antigua and Barbuda,Anguilla,1.073,9.41,16.38,1.4167,2.59
2026-09-26 10:57:53.885884+00:00,26/09/2026,1637373251,2026-09-26 17:00:00+00:00,Spain - Tercera Division,Atletico Malagueno,CD Atletico Marbella,1.3891,4.42,6.27,1.5291,2.33
2026-09-26 10:57:53.885884+00:00,26/09/2026,1637373282,2026-09-26 15:00:00+00:00,Algeria - Ligue 2,Beni Oualbane,CA Batna,3.23,2.61,2.31,2.81,1.3484
